ind,salinity
27980.0,22.996166653103298
27985.0,23.157416661580402
28585.0,23.451555728912354
28590.0,22.274499893188477
