ind,salinity
1620.0,31.195559052860034
1625.0,29.406083583831787
2210.0,28.902090939608488
2215.0,31.95433848454402
2220.0,31.61858320236206
2805.0,28.355100059509276
2810.0,28.922666803995767
