ind,salinity
1766.0,31.05900001525879
2366.0,31.034361097547745
2371.0,30.959115358499382
2971.0,30.97599983215332
2976.0,30.827924548455005
2981.0,30.79130288326379
3581.0,30.84249973297119
