,ind,salinity
0,219.0,23.12614952574216
1,239.0,23.53957383777817
