,ind,salinity
0,298.0,24.551858521825345
1,319.0,24.590621432357896
