,ind,salinity
0,277.0,24.565451049489788
1,278.0,24.39073380273992
2,298.0,24.55185852182535
