,ind,salinity
0,257.0,24.44380813046826
1,278.0,24.39073380273992
