,ind,salinity
0,200.0,23.087438982609036
1,219.0,23.12614952574216
