,ind,salinity
0,237.0,24.05851776529315
1,238.0,24.03559346693349
2,257.0,24.443808130468256
3,258.0,24.357476868954734
