,ind,salinity
0,238.0,24.035593466933484
1,239.0,23.539573837778164
