,ind,salinity
0,338.0,25.720256907680344
1,339.0,24.83505965541778
