,ind,salinity
0,338.0,25.720256907680348
1,360.0,25.01435054639258
