,ind,salinity
0,319.0,24.5906214323579
1,339.0,24.83505965541778
