,ind,salinity
0,359.0,25.706942835960472
1,360.0,25.014350546392567
2,380.0,25.168098483446194
