,ind,salinity
0,401.0,25.28566327813741
1,422.0,24.614112371158395
