,ind,salinity
0,463.0,25.078468711448902
1,464.0,24.083710073403832
