,ind,salinity
0,462.0,25.97818722242759
1,463.0,25.07846871144889
