,ind,salinity
0,444.0,23.85140774674362
1,464.0,24.083710073403832
