,ind,salinity
0,422.0,24.614112371158384
1,444.0,23.85140774674362
