,ind,salinity
0,380.0,25.168098483446187
1,401.0,25.285663278137413
