,ind,salinity
0,444.0,23.851407746743618
1,465.0,23.123578117124627
