,ind,salinity
0,462.0,25.97818722242759
1,483.0,26.220960941773395
