,ind,salinity
0,479.0,30.152869348658186
1,480.0,29.246079847788753
2,501.0,28.890389635934692
