,ind,salinity
0,482.0,27.361330929943563
1,483.0,26.220960941773384
