,ind,salinity
0,522.0,27.57260522764116
1,543.0,27.403420708914155
