,ind,salinity
0,542.0,28.05067551989304
1,543.0,27.403420708914144
2,562.0,27.589023617241594
