,ind,salinity
0,482.0,27.361330929943566
1,502.0,27.872094207899238
