,ind,salinity
0,502.0,27.87209420789923
1,522.0,27.57260522764116
