,ind,salinity
0,521.0,28.377724231573005
1,541.0,28.595000218702197
