,ind,salinity
0,541.0,28.595000218702193
1,561.0,28.217764352885798
