,ind,salinity
0,561.0,28.2177643528858
1,562.0,27.589023617241594
