,ind,salinity
0,501.0,28.890389635934692
1,521.0,28.377724231573005
