,ind,salinity
0,393.0,31.889777236192366
1,394.0,31.477759040753153
