,ind,salinity
0,394.0,31.477759040753163
1,415.0,31.036006995298703
2,436.0,30.941338313577717
