,ind,salinity
0,456.0,31.14846112827196
1,457.0,30.581596485344555
2,478.0,30.951651142045357
3,479.0,30.15286934865817
