,ind,salinity
0,416.0,29.913488806382382
1,437.0,30.310084607690957
