,ind,salinity
0,415.0,31.036006995298706
1,416.0,29.913488806382382
2,436.0,30.941338313577717
3,437.0,30.310084607690957
