,ind,salinity
0,392.0,32.06220540959425
1,393.0,31.889777236192362
