,ind,salinity
0,435.0,31.335947552422912
1,456.0,31.148461128271954
