,ind,salinity
0,392.0,32.06220540959425
1,413.0,31.76873630368658
