,ind,salinity
0,413.0,31.768736303686584
1,435.0,31.33594755242291
