,ind,salinity
0,437.0,30.310084607690957
1,457.0,30.581596485344555
2,479.0,30.152869348658175
