ind,salinity
527.0,21.11540385392996
528.0,21.937004272754375
548.0,19.10052794647217
549.0,4.2617692318591445
550.0,0.0
