ind,salinity
466.0,27.247764699599323
467.0,28.596750259399414
