ind,salinity
545.0,28.75644998550415
564.0,28.957892860685075
