ind,salinity
507.0,28.771736440732496
508.0,29.351999282836914
