ind,salinity
580.0,28.243882319506476
581.0,28.19414005279541
