ind,salinity
540.0,27.18448074047382
560.0,27.5535073920862
