ind,salinity
395.0,28.177461550785946
416.0,28.051402575009828
