ind,salinity
437.0,28.86400032043457
458.0,28.190009681923875
