ind,salinity
311.0,27.187660505186837
331.0,26.666815757751465
332.0,26.86542865208217
