ind,salinity
374.0,27.523187470436095
395.0,27.18636368260239
396.0,25.847000503540038
