ind,salinity
311.0,25.51771436418806
331.0,27.380714416503906
332.0,27.146227987189043
