ind,salinity
374.0,28.76637666875666
396.0,28.89658815720502
