,ind,salinity
0,27935.0,31.64023984697866
1,28525.0,31.69214051118474
2,28530.0,31.714706285222242
3,28535.0,31.739871784610248
4,29115.0,31.73879157396349
5,29120.0,31.76227072380821
6,29125.0,31.78680786775944
7,29715.0,31.826202692684248
