,ind,salinity
0,27890.0,31.463109257994518
1,28480.0,31.51223391854641
2,28485.0,31.529728365203677
3,28490.0,31.54794683054722
4,29075.0,31.57361109364974
5,29080.0,31.591814888545226
6,29670.0,31.630284738469857
7,29675.0,31.649649054249323
