,ind,salinity
0,26801.0,35.03516134811408
1,26806.0,35.05486339986261
2,26811.0,35.07482613537206
3,27411.0,35.09211655407702
4,27416.0,35.113264156687094
5,27417.0,36.60233196829023
6,27422.0,36.61794414328042
7,28022.0,36.60356397214003
8,28027.0,36.61956113913017
