,ind,salinity
0,27890.0,31.463109257994518
1,28490.0,31.547946830547215
2,28495.0,31.56808670423222
3,28500.0,31.587998185349313
4,29100.0,31.67354740323327
5,29105.0,31.695583817373464
6,29110.0,31.716548233324225
7,29710.0,31.800647718448207
8,29715.0,31.826202692684248
