,ind,salinity
0,26796.0,35.01657587006233
1,26801.0,35.03516134811407
2,27385.0,31.78372051145035
3,27390.0,31.814951261830274
4,27391.0,35.01485220443946
5,27396.0,35.0329542503062
6,27980.0,31.8509678421783
7,27985.0,31.879452839013034
