,ind,salinity
0,26760.0,31.558912175166032
1,26765.0,31.581471155219152
2,27365.0,31.679785295444567
3,27370.0,31.704086924578778
4,27375.0,31.729690649115327
5,27975.0,31.82429359497706
6,27980.0,31.8509678421783
