,ind,salinity
0,26750.0,31.51685951686887
1,26755.0,31.53847659341933
2,26760.0,31.55891217516604
3,27340.0,31.566876410711824
4,27345.0,31.59000919034122
5,27350.0,31.611458823918554
6,27935.0,31.640239846978663
7,27940.0,31.66390187226854
