,ind,salinity
0,11465.0,32.420020795852615
1,11470.0,32.38496381348125
2,11475.0,32.34255794896534
3,12075.0,32.21714665650184
4,12080.0,32.194639173837494
5,12085.0,32.16169290250255
6,12685.0,32.040133984120374
7,12690.0,32.01442880753242
