,ind,salinity
0,18155.0,31.087868112878372
1,18160.0,31.06430261402517
2,18165.0,31.03859728236189
3,18765.0,31.011568868997657
4,18770.0,30.98199816060851
5,19370.0,30.971844234742164
6,19375.0,30.955536232351108
7,19380.0,30.945315959684617
