,ind,salinity
0,26625.0,31.16515122526545
1,26630.0,31.173538527139048
2,27230.0,31.23436355363551
3,27235.0,31.24317649219745
4,27240.0,31.25262666939131
5,27840.0,31.32205775605205
6,27845.0,31.332482159810933
