,ind,salinity
0,19380.0,30.945315959684603
1,19980.0,30.941620173107623
2,19985.0,30.930957975228214
3,20585.0,30.924159766560603
4,20590.0,30.914624240680435
5,20595.0,30.893420231306823
6,21195.0,30.877282172664767
7,21200.0,30.847504549656147
