,ind,salinity
0,12690.0,32.01442880753242
1,13290.0,31.90371419448906
2,13295.0,31.87822226024515
3,13300.0,31.84987904383824
4,13900.0,31.746701803336393
5,13905.0,31.740408359718046
6,14505.0,31.65228659910458
7,14510.0,31.633849711161364
