,ind,salinity
0,21200.0,30.847504549656136
1,21800.0,30.812612810404932
2,22400.0,30.775610275130763
3,23000.0,30.780465374705486
4,23600.0,30.815234144662057
5,24200.0,30.87634254416576
6,24800.0,30.941756282037677
