,ind,salinity
0,16335.0,31.330091446709336
1,16340.0,31.290832766015495
2,16940.0,31.24816876415218
3,16945.0,31.22035488982396
4,17545.0,31.16916277965898
5,17550.0,31.145130129202027
6,17555.0,31.124652887285375
7,18155.0,31.087868112878375
