,ind,salinity
0,24800.0,30.941756282037677
1,24805.0,30.94422788388823
2,25405.0,31.012262599985704
3,25410.0,31.016769687865317
4,25415.0,31.01945261153464
5,26015.0,31.086613329721338
6,26020.0,31.089477641811836
7,26025.0,31.09791652072591
8,26625.0,31.165151225265436
