,ind,salinity
0,14510.0,31.63384971116136
1,14515.0,31.61142516516518
2,15115.0,31.53419971709857
3,15120.0,31.513982797956896
4,15125.0,31.496990129006484
5,15725.0,31.431379669283324
6,15730.0,31.411382708445473
7,16330.0,31.363049737089028
8,16335.0,31.330091446709318
