,ind,salinity
0,41420.0,32.17046608119142
1,41425.0,32.174556012668425
2,41430.0,32.17752632954762
3,42030.0,32.2087488382727
4,42035.0,32.21539140489403
5,42040.0,32.222416965230515
6,42640.0,32.25196169487759
7,42645.0,32.25987969869473
