,ind,salinity
0,19245.0,31.483112885014744
1,19835.0,31.524051148279533
2,19840.0,31.488441278963847
3,19845.0,31.45009865772485
4,20430.0,31.546430387773015
5,20435.0,31.509403093267704
6,21020.0,31.592455286269807
7,21025.0,31.561096796840054
8,21030.0,31.522777101489318
