,ind,salinity
0,16245.0,31.734712562802205
1,16845.0,31.677544128951762
2,17445.0,31.625138152875373
3,18045.0,31.571241126526274
4,18645.0,31.517426239251904
5,19245.0,31.483112885014737
