,ind,salinity
0,31220.0,31.626153576479275
1,31820.0,31.66486195674242
2,32420.0,31.694633203752037
3,33020.0,31.720204497000324
4,33620.0,31.748122284012585
5,34220.0,31.77755620867562
