,ind,salinity
0,27620.0,31.382147009299807
1,28220.0,31.432982873496872
2,28820.0,31.47636743753185
3,29420.0,31.509295689833547
4,30020.0,31.54227841513042
5,30620.0,31.580375981255315
6,31220.0,31.626153576479272
