,ind,salinity
0,34220.0,31.77755620867561
1,34820.0,31.813664247455925
2,35420.0,31.85001336617034
3,36020.0,31.882870464399023
4,36620.0,31.91805041020028
5,37220.0,31.95356772812896
6,37820.0,31.98943616859727
