,ind,salinity
0,24620.0,31.4447175954815
1,25220.0,31.39396384572438
2,25820.0,31.333921566506884
3,26420.0,31.315673072636507
4,27020.0,31.335406947970803
5,27620.0,31.382147009299803
