,ind,salinity
0,37820.0,31.989436168597273
1,38420.0,32.020186354442686
2,39020.0,32.04781980077061
3,39620.0,32.07482260086969
4,40220.0,32.1044222433179
5,40820.0,32.13795138139356
6,41420.0,32.17046608119142
