,ind,salinity
0,21020.0,31.592455286269807
1,21620.0,31.58021326577167
2,22220.0,31.54840246979405
3,22820.0,31.516460640076442
4,23420.0,31.501389923053303
5,24020.0,31.482727564620568
6,24620.0,31.444717595481496
