,ind,salinity
0,41460.0,32.22065847315633
1,41465.0,32.23233552604932
2,42050.0,32.23623068363972
3,42055.0,32.24306475707469
4,42060.0,32.253188076062585
5,42645.0,32.25987969869474
6,42650.0,32.267293580476576
