,ind,salinity
0,41465.0,32.23233552604932
1,41470.0,32.242300955432846
2,41475.0,32.25065412349957
3,42075.0,32.28216112888956
4,42080.0,32.29087392845422
5,42085.0,32.30022212970202
6,42685.0,32.33755717805308
7,42690.0,32.347897418896316
