,ind,salinity
0,41045.0,32.68198486040304
1,41645.0,32.72300394016413
2,41650.0,32.7454438865708
3,41655.0,32.768500023900295
4,42255.0,32.81170437536776
5,42260.0,32.83417477531681
6,42860.0,32.876772459181424
7,42865.0,32.89677475339554
8,42870.0,32.917284190318604
