,ind,salinity
0,41595.0,32.51124111071237
1,41600.0,32.52873941578648
2,42185.0,32.523568001121596
3,42190.0,32.53826893506911
4,42195.0,32.553176949155194
5,42780.0,32.552053725976236
6,42785.0,32.5669697512063
