,ind,salinity
0,41510.0,32.31339131119656
1,41515.0,32.321238289354625
2,41520.0,32.33099175322808
3,42120.0,32.36979659512764
4,42125.0,32.38212174924651
5,42130.0,32.39386205675181
6,42730.0,32.43461176793055
7,42735.0,32.44488184382534
