,ind,salinity
0,41550.0,32.39298916516931
1,41555.0,32.40307026335803
2,42140.0,32.41274251585694
3,42145.0,32.4222744532268
4,42150.0,32.43306860370264
5,42735.0,32.444881843825335
6,42740.0,32.45336463775395
