,ind,salinity
0,41505.0,32.30358656402531
1,41510.0,32.31339131119654
2,42095.0,32.31975479806298
3,42100.0,32.33019069826139
4,42105.0,32.34112546861863
5,42690.0,32.34789741889632
6,42695.0,32.35764214454132
