,ind,salinity
0,36400.0,33.04305542553234
1,36405.0,33.07420280212697
2,37005.0,33.13072314592865
3,37010.0,33.165238733836496
4,37015.0,33.19887374428233
5,37615.0,33.24297737184214
6,37620.0,33.277615897659466
7,38220.0,33.33089959293824
8,38225.0,33.36300326977351
