,ind,salinity
0,41090.0,32.88629140045243
1,41680.0,32.88486824627506
2,41685.0,32.90773116232904
3,41690.0,32.93005639506829
4,42275.0,32.90098891036699
5,42280.0,32.9247926339631
6,42870.0,32.917284190318604
7,42875.0,32.939908899095926
