,ind,salinity
0,33445.0,33.03936430823058
1,34045.0,33.11870254908702
2,34645.0,33.177813239888856
3,35245.0,33.22804201748572
4,35845.0,33.28838190132386
5,36445.0,33.35562557214365
