,ind,salinity
0,36400.0,33.04305542553233
1,36990.0,33.03397736630326
2,36995.0,33.06532281560174
3,37000.0,33.096504151857616
4,37585.0,33.05432685517256
5,37590.0,33.08590167330692
6,38180.0,33.07907508439585
7,38185.0,33.10887329981418
