,ind,salinity
0,38175.0,33.05179196918564
1,38180.0,33.07907508439586
2,38765.0,33.04721509076201
3,38770.0,33.074352723723244
4,38775.0,33.10349398994392
5,39360.0,33.069382955873316
6,39365.0,33.09502323579504
7,39960.0,33.115711211760654
