,ind,salinity
0,41135.0,33.08496947154714
1,41725.0,33.08238828861948
2,41730.0,33.105718095395275
3,41735.0,33.12896276051638
4,42320.0,33.10007848770932
5,42325.0,33.122502032930065
6,42915.0,33.115905010327836
7,42920.0,33.13799906588051
