,ind,salinity
0,36445.0,33.35562557214365
1,37035.0,33.335587373240806
2,37040.0,33.37308294907862
3,37045.0,33.40654580156815
4,37630.0,33.35062791884549
5,37635.0,33.38363894954089
6,38225.0,33.3630032697735
7,38230.0,33.394158341452695
