,ind,salinity
0,39950.0,33.06783646965258
1,39955.0,33.092582174836856
2,39960.0,33.11571121176065
3,40545.0,33.085839408804475
4,40550.0,33.11250938876172
5,41135.0,33.08496947154713
6,41140.0,33.107767948738726
7,41145.0,33.13163472654166
