,ind,salinity
0,31665.0,32.990161200534
1,31670.0,33.039571067358054
2,32255.0,32.969511349482055
3,32260.0,33.01972111884647
4,32265.0,33.06767384627679
5,32850.0,33.00282527333536
6,32855.0,33.05052583258243
7,33445.0,33.03936430823058
8,33450.0,33.08533844749491
