,ind,salinity
0,31670.0,33.03957106735805
1,31675.0,33.08119806560796
2,32275.0,33.14145566669259
3,32280.0,33.17728137620837
4,32285.0,33.217538796509984
5,32885.0,33.2885083805255
6,32890.0,33.334525191280896
7,33490.0,33.39776312370973
