,ind,salinity
0,397.0,35.55619552612171
1,398.0,33.28481609130541
