,ind,salinity
0,652.0,23.975008386369897
1,653.0,23.841873495880638
2,667.0,23.4408162967415
