,ind,salinity
0,34446.0,34.72642726787559
1,35046.0,34.73351288238793
2,35646.0,34.74205111792036
3,36245.0,32.28129093769629
4,36246.0,34.750503261858604
5,36845.0,32.337621707329
6,37445.0,32.39124143718294
7,38045.0,32.44402095240748
