,ind,salinity
0,34355.0,31.836402105190228
1,34955.0,31.88032559153929
2,35555.0,31.928163278393235
3,36155.0,31.974274898668895
4,36755.0,32.01980345177188
5,37355.0,32.067493452304404
6,37955.0,32.11683027239531
