,ind,salinity
0,38045.0,32.44402095240748
1,38645.0,32.49670942047124
2,39245.0,32.54841628429297
3,39845.0,32.59477719798359
4,40445.0,32.63816601134811
5,41045.0,32.68198486040304
