,ind,salinity
0,41045.0,32.68198486040304
1,41640.0,32.69916907920646
2,41645.0,32.72300394016413
3,42230.0,32.69625465041917
4,42235.0,32.71810632315116
5,42240.0,32.74145790356512
6,42825.0,32.717929403992926
7,42830.0,32.74071527097587
