,ind,salinity
0,41600.0,32.52873941578648
1,41605.0,32.5474336062635
2,41610.0,32.566877254770226
3,42210.0,32.61021143344118
4,42215.0,32.63224379192287
5,42815.0,32.675801915073045
6,42820.0,32.696509576873424
7,42825.0,32.71792940399294
