,ind,salinity
0,37955.0,32.11683027239531
1,38555.0,32.16647670141195
2,39155.0,32.214966074835786
3,39755.0,32.260127315828974
4,40355.0,32.30673652929009
5,40955.0,32.35563315753433
6,41555.0,32.40307026335804
