,ind,salinity
0,12645.0,32.25864993802883
1,13245.0,32.141683886616775
2,13250.0,32.089770292781594
3,13255.0,32.06992705990441
4,13855.0,31.98161033185541
5,13860.0,31.95590962339891
6,14460.0,31.879542146156385
7,14465.0,31.86415141357542
