,ind,salinity
0,16290.0,31.491037241982045
1,16890.0,31.438525031418127
2,17490.0,31.391172015277085
3,18090.0,31.35907082454403
4,18690.0,31.321277595167363
5,19290.0,31.3013211851796
