,ind,salinity
0,22890.0,31.22974433427119
1,23490.0,31.203569148068368
2,24090.0,31.147721303337743
3,24690.0,31.086770381360928
4,25290.0,31.08652283305902
5,25890.0,31.140016792341722
6,26490.0,31.197365309428694
