,ind,salinity
0,19290.0,31.301321185179606
1,19890.0,31.283716757281013
2,20490.0,31.267545497929298
3,21090.0,31.253472482727194
4,21690.0,31.250476354628024
5,22290.0,31.241524984741137
6,22890.0,31.22974433427119
