,ind,salinity
0,31355.0,31.597188486334606
1,31955.0,31.64702686472945
2,32555.0,31.69321928674405
3,33155.0,31.741407400615632
4,33755.0,31.791074910990634
5,34355.0,31.836402105190228
