,ind,salinity
0,29535.0,31.447447879132064
1,30135.0,31.499648194699017
2,30140.0,31.494253243617663
3,30145.0,31.4925826354688
4,30745.0,31.550611887472776
5,30750.0,31.54837793563023
6,30755.0,31.542934657503444
7,31355.0,31.597188486334613
