,ind,salinity
0,29530.0,31.45246957464747
1,29535.0,31.447447879132067
2,30125.0,31.507762186470032
3,30130.0,31.506654115078565
4,30715.0,31.56077053408633
5,30720.0,31.560841292972498
6,30725.0,31.561707777171566
7,31310.0,31.608292596719156
8,31315.0,31.6087216865221
