,ind,salinity
0,29490.0,31.482867228757886
1,29495.0,31.47843621324156
2,30095.0,31.523582914502207
3,30100.0,31.52061255611841
4,30700.0,31.56697601034549
5,30705.0,31.564275069339043
6,30710.0,31.5634572474366
7,31310.0,31.60829259671916
