,ind,salinity
0,14465.0,31.864151413575424
1,14470.0,31.824571849827162
2,15070.0,31.72922885991527
3,15075.0,31.69711117529215
4,15080.0,31.658726452918867
5,15680.0,31.591782744755328
6,15685.0,31.568278926519202
7,16285.0,31.514662115125766
8,16290.0,31.49103724198205
