,ind,salinity
0,26490.0,31.197365309428694
1,27090.0,31.252499131301406
2,27690.0,31.31411436697454
3,28290.0,31.37612671063028
4,28890.0,31.4327368268053
5,29490.0,31.482867228757875
