,ind,salinity
0,4310.0,33.93419438102233
1,4910.0,33.82046744859958
2,4915.0,33.780507585065465
3,4920.0,33.727356564004545
4,5520.0,33.577263609372466
5,5525.0,33.487213567734734
6,5530.0,33.40755267252919
7,6130.0,33.27747244489269
8,6135.0,33.22913592034101
