,ind,salinity
0,1395.0,33.7654145063991
1,1400.0,33.71184812049074
2,1990.0,33.71776314592502
3,1995.0,33.620150245659204
4,2580.0,33.67421252627886
5,2585.0,33.63288501452545
6,2590.0,33.57275873900304
7,3180.0,33.54722374397548
