,ind,salinity
0,6045.0,34.0494072004594
1,6635.0,33.948404612163756
2,6640.0,33.92067316756099
3,6645.0,33.885967703960034
4,7225.0,33.942593745819686
5,7230.0,33.83178962866671
6,7235.0,33.757563611132205
7,7820.0,33.872103243511425
8,7825.0,33.78887250641148
