,ind,salinity
0,4310.0,33.93419438102233
1,4905.0,33.85490804939793
2,4910.0,33.82046744859958
3,5495.0,33.8296897321699
4,5500.0,33.78009432856707
5,5505.0,33.72629965448023
6,6090.0,33.726425657764146
7,6095.0,33.69366455972915
