,ind,salinity
0,6085.0,33.75655896072172
1,6090.0,33.726425657764146
2,6680.0,33.58785798511971
3,6685.0,33.578389932825694
4,7270.0,33.46980050536006
5,7275.0,33.415505811551235
6,7280.0,33.37971085052978
7,7865.0,33.30866165460241
8,7870.0,33.26997442289934
