,ind,salinity
0,3170.0,33.60686752437177
1,3175.0,33.57582933694716
2,3180.0,33.547223743975486
3,3765.0,33.53363284456315
4,3770.0,33.45499910372464
5,4355.0,33.48937055358518
6,4360.0,33.43636612282575
7,4365.0,33.37771026146854
