,ind,salinity
0,7820.0,33.872103243511425
1,8420.0,33.6762871046949
2,9020.0,33.471318846768966
3,9620.0,33.27100741635451
4,10220.0,33.1125628035765
5,10820.0,32.967011015356086
6,11420.0,32.8786074834982
