,ind,salinity
0,11420.0,32.8786074834982
1,11425.0,32.79834841718807
2,11430.0,32.69496154233622
3,12030.0,32.55945377560541
4,12035.0,32.481595405641464
5,12040.0,32.448418098706426
6,12640.0,32.31524634259688
7,12645.0,32.25864993802883
