,ind,salinity
0,6045.0,34.0494072004594
1,6645.0,33.88596770396002
2,6650.0,33.823348488206506
3,6655.0,33.771388014634105
4,7255.0,33.60241881140983
5,7260.0,33.543779794664815
6,7265.0,33.51378892771994
7,7865.0,33.30866165460242
