,ind,salinity
0,4355.0,33.489370553585175
1,4950.0,33.36839456336686
2,4955.0,33.286460797180645
3,5540.0,33.38452933222603
4,5545.0,33.32032369105691
5,5550.0,33.20272961072976
6,6135.0,33.229135920341015
7,6140.0,33.209387281875586
