,ind,salinity
0,3270.0,32.36692209899342
1,3870.0,32.17450758031295
2,4470.0,31.987421657172487
3,5070.0,31.81934177250336
4,5670.0,31.6647725599242
5,6270.0,31.549740197561462
