,ind,salinity
0,14690.0,30.475824799036932
1,15290.0,30.468951842608167
2,15890.0,30.4689373439948
3,16490.0,30.482404566600113
4,17090.0,30.499506620979794
5,17690.0,30.51435120768621
6,18290.0,30.529857294516063
