,ind,salinity
0,8090.0,31.029641631135753
1,8690.0,30.948391579787472
2,9290.0,30.86758071411871
3,9890.0,30.78451554274734
4,10490.0,30.715971109636317
5,11090.0,30.66461918460562
6,11690.0,30.612408045001292
