,ind,salinity
0,6270.0,31.549740197561484
1,6870.0,31.4550680974693
2,6875.0,31.393474657260896
3,6880.0,31.32363840064554
4,7480.0,31.20872217670677
5,7485.0,31.156608498780006
6,8085.0,31.060074630582893
7,8090.0,31.029641631135753
