,ind,salinity
0,1440.0,33.203617293592075
1,1445.0,33.14582965697225
2,2035.0,33.08134957116607
3,2040.0,33.020348446491866
4,2625.0,33.023134564595075
5,2630.0,32.953502709586026
6,2635.0,32.88701975252891
7,3225.0,32.83754169155198
