,ind,salinity
0,1445.0,33.14582965697225
1,1450.0,33.111106693011145
2,2050.0,32.948928403251614
3,2055.0,32.907377554880725
4,2060.0,32.864862975572485
5,2660.0,32.673598151289006
6,2665.0,32.62107879446301
7,3265.0,32.415219346907655
8,3270.0,32.36692209899341
