,ind,salinity
0,18285.0,30.542344963418497
1,18290.0,30.529857294516074
2,18875.0,30.565513148662305
3,18880.0,30.556310274923124
4,18885.0,30.54817900965041
5,19470.0,30.572723488678296
6,19475.0,30.5465874267965
