,ind,salinity
0,19470.0,30.572723488678303
1,20070.0,30.54735456968497
2,20670.0,30.55159725634896
3,21270.0,30.563260026581556
4,21870.0,30.6201660074102
5,22470.0,30.699364155346196
6,23070.0,30.786435783332276
