,ind,salinity
0,1400.0,33.711848120490735
1,1405.0,33.6338989371896
2,2005.0,33.411954529862136
3,2010.0,33.34818025804014
4,2015.0,33.31031059049487
5,2615.0,33.1546387064791
6,2620.0,33.09584048968564
7,3220.0,32.916018395293584
8,3225.0,32.837541691552005
