,ind,salinity
0,11690.0,30.6124080450013
1,12290.0,30.551287105662027
2,12890.0,30.508419092041436
3,13490.0,30.48745757555629
4,14090.0,30.4803645215012
5,14690.0,30.475824799036932
