,ind,salinity
0,39871.0,34.86035259414767
1,39876.0,34.876683811823014
2,40476.0,34.88072514700607
3,40480.0,32.80055364776526
4,40481.0,34.89659710411548
5,40485.0,32.82127073020394
6,41085.0,32.86475374727474
7,41090.0,32.88629140045243
