,ind,salinity
0,39825.0,32.497699738649075
1,39830.0,32.522397835053205
2,40430.0,32.56981696200511
3,40435.0,32.59371236921596
4,40440.0,32.61557477131023
5,41040.0,32.65902393409497
6,41045.0,32.68198486040304
