,ind,salinity
0,34445.0,32.090401499203146
1,35035.0,32.10860029895655
2,35040.0,32.13164987387056
3,35045.0,32.15487280758151
4,35631.0,34.70436230486434
5,35635.0,32.171331316493784
6,35636.0,34.71760473515491
7,36226.0,34.69761019903069
8,36231.0,34.7122748296991
