,ind,salinity
0,29665.0,31.611697701014187
1,29670.0,31.630284738469843
2,30255.0,31.651302553950416
3,30256.0,34.70466492457774
4,30260.0,31.668323774782912
5,30265.0,31.686352296171606
6,30851.0,34.698665494463256
7,30856.0,34.713041289808245
8,31446.0,34.69276302046653
9,31451.0,34.707238848164515
