,ind,salinity
0,23070.0,30.78643578333227
1,23670.0,30.872241622779946
2,23675.0,30.875503373806406
3,23680.0,30.877974949573854
4,24280.0,30.958725455440742
5,24285.0,30.964794039095388
6,24290.0,30.970057299497174
7,24890.0,31.051767869154453
