,ind,salinity
0,31446.0,34.69276302046651
1,32046.0,34.70068980872241
2,32646.0,34.70950195144793
3,33245.0,31.962155266289194
4,33246.0,34.71684254234606
5,33845.0,32.02685261549961
6,34445.0,32.090401499203146
