,ind,salinity
0,24890.0,31.051767869154453
1,25490.0,31.133118597812185
2,26090.0,31.216212010880845
3,26690.0,31.29781475534569
4,26691.0,34.719106192694646
5,27291.0,34.73183720964835
6,27891.0,34.744999873714264
