,ind,salinity
0,36226.0,34.69761019903068
1,36826.0,34.70401990920334
2,37426.0,34.70872160938443
3,38025.0,32.35208282694842
4,38026.0,34.71171409348371
5,38625.0,32.4016396909721
6,39225.0,32.44991227872415
7,39825.0,32.497699738649075
