,ind,salinity
0,27891.0,34.74499987371426
1,28481.0,34.730974379302964
2,28486.0,34.74396676371004
3,28491.0,34.7577369264571
4,29075.0,31.573611093649735
5,29080.0,31.591814888545223
6,29081.0,34.741498744558626
7,29670.0,31.630284738469857
8,29675.0,31.649649054249323
