,ind,salinity
0,39861.0,34.827419787273364
1,39866.0,34.84382175421757
2,39871.0,34.86035259414766
3,40455.0,32.68336594276981
4,40456.0,34.81626649968156
5,40461.0,34.83326408885419
6,41045.0,32.681984860403034
7,41050.0,32.7036918174058
8,41055.0,32.7257574296187
