,ind,salinity
0,41090.0,32.88629140045243
1,41690.0,32.9300563950683
2,41695.0,32.95087049650321
3,41700.0,32.97205272915607
4,42300.0,33.01140026474802
5,42305.0,33.034360694415675
6,42905.0,33.07165873855287
7,42910.0,33.09385712438627
8,42915.0,33.115905010327836
