,ind,salinity
0,691.0,26.311401058582458
1,703.0,25.967701951353337
