ind,salinity
1710.0,29.371301830939526
1711.0,29.95599937438965
1715.0,29.32176466549144
2300.0,29.282322668260143
2305.0,29.3087288484735
2310.0,29.44362497329712
2900.0,29.433035918644496
