ind,salinity
12645.0,32.25864993802883
13245.0,32.14168388661676
13845.0,32.04809097882243
14445.0,31.95049681651602
15045.0,31.86646228965366
15645.0,31.788057812466164
16245.0,31.734712562802223
