,ind,salinity
0,853.0,24.55763157007959
1,881.0,25.043014323006986
