,ind,salinity
0,878.0,27.42530227770749
1,905.0,27.708910123186726
