,ind,salinity
0,852.0,25.19790734128885
1,853.0,24.55763157007959
