ind,salinity
578.0,30.60604768873842
595.0,31.044893819530575
