ind,salinity
578.0,25.786218387793255
596.0,24.815798961250586
613.0,25.801411188180904
