ind,salinity
520.0,25.269737002472525
541.0,24.309829082223906
560.0,24.826840513881788
