ind,salinity
598.0,23.34920588243872
599.0,22.787773921455372
