ind,salinity
599.0,22.787773921455376
600.0,22.00871074182895
