ind,salinity
596.0,24.81579896125058
613.0,25.801411188180904
