ind,salinity
596.0,24.815798961250586
613.0,25.801411188180893
614.0,24.861446486266928
