ind,salinity
560.0,24.826840513881795
579.0,24.212882777206385
