ind,salinity
579.0,24.212882777206385
596.0,24.815798961250575
