ind,salinity
597.0,23.84719812887835
598.0,23.349205882438724
614.0,24.861446486266928
