ind,salinity
519.0,26.519362160917144
520.0,25.26973700247252
540.0,25.768333194710173
