ind,salinity
518.0,27.35672216310704
519.0,26.51936216091715
