ind,salinity
499.0,27.104958968010095
519.0,26.519362160917147
