ind,salinity
478.0,27.550299209852355
498.0,27.979131396351526
