ind,salinity
478.0,27.550299209852362
499.0,27.104958968010095
