ind,salinity
478.0,27.55029920985236
498.0,27.979131396351526
499.0,27.104958968010095
