ind,salinity
519.0,26.51936216091715
520.0,25.26973700247252
540.0,25.768333194710173
