ind,salinity
498.0,27.97913139635153
517.0,28.55584978650049
