ind,salinity
517.0,28.555849786500495
518.0,27.356722163107047
