ind,salinity
498.0,27.979131396351526
499.0,27.1049589680101
