ind,salinity
542.0,22.95941405428228
561.0,23.5786672512637
