ind,salinity
615.0,24.225839359328226
632.0,24.87612733947405
