ind,salinity
677.0,26.549001254357083
690.0,27.402436568469852
