ind,salinity
632.0,24.876127339474046
647.0,26.17375020469721
