ind,salinity
521.0,23.846214320725345
542.0,22.95941405428228
