ind,salinity
580.0,23.174186620136254
597.0,23.84719812887835
598.0,23.34920588243872
615.0,24.225839359328212
