ind,salinity
662.0,26.419190604626333
677.0,26.549001254357087
