ind,salinity
647.0,26.17375020469722
648.0,25.46859845169626
662.0,26.419190604626333
