ind,salinity
561.0,23.578667251263695
580.0,23.174186620136258
