ind,salinity
520.0,25.26973700247252
521.0,23.846214320725345
540.0,25.76833319471017
541.0,24.309829082223906
