ind,salinity
691.0,26.60701802182453
702.0,27.198787570877872
