ind,salinity
690.0,27.402436568469856
702.0,27.19878757087787
