ind,salinity
583.0,20.98966611606151
601.0,20.688750262244227
