ind,salinity
650.0,23.751877160326526
651.0,22.728876734684057
665.0,24.04915155438488
