ind,salinity
691.0,26.60701802182453
692.0,26.14716439456498
