ind,salinity
601.0,20.688750262244227
619.0,20.997292190570708
