ind,salinity
619.0,20.997292190570704
635.0,22.105147225432443
651.0,22.72887673468406
