ind,salinity
665.0,24.04915155438488
679.0,25.415359405958792
