ind,salinity
678.0,26.204019776024957
692.0,26.147164394564978
