ind,salinity
678.0,26.204019776024946
679.0,25.415359405958796
