ind,salinity
583.0,20.989666116061514
584.0,19.753766522828958
601.0,20.688750262244227
