ind,salinity
19601.0,29.8510004679362
20201.0,30.563906913579896
20801.0,30.37855813669604
21401.0,30.820651032203852
22001.0,30.92264986038208
