ind,salinity
13000.0,26.44100062052409
13600.0,27.494083298577202
14200.0,27.24053842593462
14800.0,26.92409088828347
15400.0,26.72578580038888
