,ind,salinity
0,147.0,27.953627370542673
1,179.0,30.17949984234961
