,ind,salinity
0,243.0,32.124205506435224
1,274.0,32.16753693149106
