ind,salinity
6400.0,28.25908327102661
7000.0,28.570684182016475
7600.0,27.93046337220727
8200.0,26.564906940903775
8800.0,26.283200073242188
