ind,salinity
3455.0,29.451142719813756
4055.0,30.279269291804386
4060.0,29.873651060947154
4660.0,29.94499969482422
4665.0,29.643098299620583
4670.0,29.16050033569336
