,ind,salinity
0,441.0,25.10927559948662
1,472.0,25.553727916687397
