ind,salinity
23202.0,33.0033635226163
23802.0,32.668279426042425
24402.0,32.57190704345703
25002.0,32.51802576505221
