ind,salinity
88.0,25.961434627772945
89.0,24.288728618342617
