ind,salinity
114.0,32.83603996988325
145.0,33.9482214517364
