ind,salinity
40.0,20.760176772425083
63.0,22.676838979580424
