ind,salinity
59.0,26.965167604517482
86.0,29.885876831518868
87.0,27.53375182916488
