ind,salinity
178.0,34.334348887082534
211.0,34.839389769114305
