ind,salinity
63.0,22.676838979580424
89.0,24.288728618342617
