ind,salinity
59.0,26.965167604517482
86.0,29.885876831518864
114.0,32.83603996988325
