ind,salinity
211.0,34.839389769114305
242.0,36.92285755232732
