ind,salinity
145.0,33.9482214517364
178.0,34.334348887082534
