ind,salinity
87.0,27.53375182916488
88.0,25.961434627772945
