ind,salinity
209.0,37.247292467851715
241.0,36.76148845206184
