ind,salinity
238.0,37.277487003559266
269.0,36.40884427232851
270.0,37.921572464269666
