ind,salinity
209.0,37.247292467851715
240.0,36.72516273653352
