ind,salinity
237.0,35.22698552059395
269.0,36.40884427232851
