ind,salinity
236.0,32.793819818081765
267.0,31.74829857778162
