ind,salinity
239.0,37.59671480300418
270.0,37.921572464269666
