ind,salinity
241.0,36.76148845206184
242.0,36.92285755232732
