ind,salinity
236.0,32.793819818081765
237.0,35.22698552059395
