ind,salinity
239.0,37.59671480300418
240.0,36.72516273653352
