ind,salinity
267.0,31.74829857778162
298.0,30.636460639468552
