ind,salinity
298.0,30.636460639468552
329.0,30.235033703686305
