ind,salinity
388.0,27.164729054364543
418.0,26.62156746547145
