ind,salinity
357.0,27.078239092547495
387.0,26.172186153327274
