ind,salinity
387.0,26.172186153327274
418.0,26.621567465471447
