ind,salinity
329.0,30.23503370368631
359.0,30.114463329774637
