ind,salinity
388.0,27.164729054364546
389.0,29.352539881647058
