ind,salinity
326.0,25.386446385105025
357.0,27.078239092547495
