ind,salinity
359.0,30.114463329774637
389.0,29.352539881647058
