ind,salinity
511.0,30.211768557807165
539.0,30.90989897618145
