ind,salinity
481.0,30.194948829343492
482.0,32.002098521254425
