ind,salinity
419.0,28.56296490225829
450.0,29.072747598345483
