ind,salinity
450.0,29.072747598345483
480.0,29.04950950143741
