ind,salinity
418.0,26.62156746547145
419.0,28.56296490225829
448.0,25.881157887361336
449.0,27.632300863074107
