ind,salinity
480.0,29.04950950143741
481.0,30.194948829343492
