ind,salinity
357.0,27.078239092547495
387.0,26.172186153327274
388.0,27.164729054364543
418.0,26.62156746547145
