ind,salinity
482.0,32.002098521254425
511.0,30.21176855780717
