ind,salinity
418.0,26.62156746547145
448.0,25.881157887361336
