ind,salinity
512.0,32.22674342631042
539.0,30.90989897618145
