ind,salinity
587.0,17.384248508664633
588.0,15.320017136387214
