ind,salinity
624.0,16.785227807245523
641.0,15.906193530839223
