ind,salinity
586.0,19.147587066070063
587.0,17.38424850866463
