ind,salinity
588.0,15.32001713638722
605.0,17.167686873377598
623.0,16.950931033761748
