ind,salinity
601.0,23.033934098493656
602.0,21.536719420201905
