ind,salinity
623.0,16.950931033761748
624.0,16.785227807245523
