ind,salinity
585.0,21.178539239755793
602.0,21.5367194202019
603.0,19.934307279071454
