ind,salinity
599.0,24.8411230205438
600.0,24.033650125166524
