ind,salinity
585.0,21.178539239755786
586.0,19.147587066070066
603.0,19.934307279071465
