ind,salinity
600.0,24.033650125166538
601.0,23.033934098493656
