ind,salinity
563.0,24.69492123325499
564.0,24.422605861070267
582.0,24.596493883155937
