ind,salinity
500.0,25.892110624352767
501.0,25.300258291672854
