ind,salinity
542.0,25.473147297730115
543.0,24.26452731982645
