ind,salinity
521.0,24.992662355354963
542.0,25.47314729773011
