ind,salinity
582.0,24.59649388315594
599.0,24.841123020543797
600.0,24.03365012516654
