ind,salinity
501.0,25.300258291672858
520.0,25.72413423167629
