ind,salinity
520.0,25.724134231676295
521.0,24.99266235535497
