ind,salinity
479.0,26.81439130078428
500.0,25.89211062435277
