ind,salinity
543.0,24.264527319826453
563.0,24.694921233254995
