ind,salinity
330.0,26.871146146519884
351.0,26.63048943792635
