ind,salinity
395.0,26.044152388455956
416.0,25.947397805993035
