ind,salinity
416.0,25.94739780599303
437.0,26.720496917769225
