ind,salinity
437.0,26.720496917769225
457.0,27.893094057739706
