ind,salinity
394.0,26.54717351828651
395.0,26.044152388455952
