ind,salinity
290.0,23.53922612977661
311.0,24.640475748013476
