ind,salinity
310.0,26.160716970439655
311.0,24.64047574801348
330.0,26.871146146519884
