ind,salinity
457.0,27.89309405773971
479.0,26.81439130078428
