ind,salinity
351.0,26.63048943792634
372.0,26.57417115218704
