ind,salinity
372.0,26.574171152187038
394.0,26.547173518286506
