ind,salinity
358.0,20.49416064793823
379.0,19.90710665368004
