ind,salinity
379.0,19.90710665368004
400.0,20.714856191430325
401.0,19.76847007174054
