ind,salinity
358.0,20.49416064793823
378.0,20.241122387561447
