ind,salinity
421.0,20.860458471995454
442.0,21.90959891154299
