ind,salinity
332.0,24.863215773302002
333.0,23.56283498278362
