ind,salinity
333.0,23.56283498278362
334.0,23.280913861378046
355.0,23.63807393077829
