ind,salinity
334.0,23.280913861378053
356.0,22.564878663417776
