ind,salinity
290.0,23.53922612977661
312.0,23.196432070275158
332.0,24.86321577330199
