ind,salinity
401.0,19.768470071740534
421.0,20.860458471995454
