ind,salinity
356.0,22.56487866341778
357.0,21.568260358400842
378.0,20.241122387561447
