ind,salinity
527.0,18.999812610176125
548.0,18.551585157744228
567.0,19.868397159359503
