ind,salinity
485.0,21.527980000335553
486.0,20.351021035046653
