ind,salinity
526.0,19.518691634539728
527.0,18.99981261017612
