ind,salinity
585.0,21.178539239755786
602.0,21.536719420201905
