ind,salinity
567.0,19.868397159359517
585.0,21.178539239755786
