ind,salinity
486.0,20.35102103504666
506.0,20.61250093115936
