ind,salinity
506.0,20.61250093115936
526.0,19.518691634539728
