ind,salinity
463.0,21.751508764036338
485.0,21.52798000033555
