ind,salinity
442.0,21.909598911542986
463.0,21.751508764036334
