ind,salinity
664.0,25.94266675471073
665.0,24.217219930540775
