ind,salinity
651.0,23.1509332855287
665.0,24.217219930540782
