ind,salinity
635.0,23.393182283188338
651.0,23.150933285528705
