ind,salinity
661.0,28.975910239641387
662.0,27.786124260766314
