ind,salinity
662.0,27.786124260766307
677.0,27.242445548993338
