ind,salinity
618.0,23.46014554031208
635.0,23.393182283188338
