ind,salinity
602.0,21.536719420201905
618.0,23.460145540312077
619.0,22.585239107915292
