ind,salinity
649.0,26.10658327173055
663.0,27.7135944750244
664.0,25.942666754710732
