ind,salinity
663.0,27.713594475024404
677.0,27.242445548993334
