ind,salinity
646.0,29.4231436973214
661.0,28.975910239641394
