ind,salinity
645.0,31.363799474282228
646.0,29.423143697321397
