ind,salinity
595.0,30.805291731744234
613.0,30.861012520720823
614.0,29.27699988172668
