ind,salinity
615.0,27.567321557704414
631.0,28.846357817471723
632.0,27.235141704841173
