ind,salinity
595.0,30.805291731744223
612.0,32.01627964580097
