ind,salinity
614.0,29.27699988172668
631.0,28.84635781747172
