ind,salinity
630.0,30.559792370264812
645.0,31.363799474282217
