ind,salinity
632.0,27.23514170484117
648.0,27.378039984490933
