ind,salinity
612.0,32.01627964580098
613.0,30.861012520720834
