ind,salinity
613.0,30.861012520720827
630.0,30.559792370264805
