ind,salinity
599.0,24.8411230205438
617.0,24.20831394715274
