ind,salinity
617.0,24.208313947152742
633.0,25.39504100926736
634.0,24.519925283152993
