ind,salinity
678.0,26.885990423211833
692.0,26.000519333030404
