ind,salinity
650.0,24.51514945478835
664.0,25.94266675471073
