ind,salinity
663.0,27.7135944750244
678.0,26.885990423211844
691.0,26.54909085404794
