ind,salinity
633.0,25.395041009267363
634.0,24.519925283152997
650.0,24.51514945478835
