ind,salinity
664.0,25.94266675471073
678.0,26.885990423211837
679.0,25.433608423256786
