ind,salinity
691.0,26.549090854047936
692.0,26.000519333030404
