ind,salinity
648.0,27.378039984490933
663.0,27.7135944750244
