ind,salinity
580.0,26.369256071635053
581.0,25.67541170024859
599.0,24.8411230205438
