ind,salinity
24.0,28.65691650657154
37.0,32.75685630975535
48.0,32.290581149370276
49.0,34.96107560437281
60.0,28.778864829817145
