ind,salinity
60.0,28.778864829817152
71.0,23.54348894010187
72.0,26.88489551375647
82.0,18.791366027288205
