ind,salinity
75.0,34.245870388213454
76.0,32.88369491462926
77.0,30.968647872739766
88.0,33.046041175921324
89.0,27.846905911555318
