ind,salinity
38.0,30.778808358167446
39.0,29.603424848844504
49.0,34.96107560437281
50.0,34.37621965317749
