ind,salinity
39.0,29.603424848844504
51.0,31.78316936893253
63.0,33.49473365512677
75.0,34.245870388213454
