ind,salinity
73.0,30.5131920049399
84.0,25.576138123315665
85.0,30.633784160485057
86.0,30.550735665914072
95.0,29.693830629021388
