ind,salinity
88.0,33.04604117592133
89.0,27.846905911555314
95.0,29.693830629021388
96.0,30.8285475195513
