ind,salinity
49.0,34.96107560437281
61.0,32.93318523604246
74.0,33.106086434689466
85.0,30.633784160485057
93.0,25.328858037717165
