ind,salinity
82.0,18.791366027288205
83.0,25.139106435515636
92.0,21.247376696466393
93.0,25.328858037717165
