ind,salinity
45.0,18.603540802902863
58.0,19.6976172722716
59.0,23.66946979100609
72.0,26.884895513756472
84.0,25.576138123315665
