ind,salinity
9.0,20.06742325525627
20.0,20.140795537860996
21.0,25.39640248557342
33.0,21.393793641986093
34.0,24.872093603655042
45.0,18.603540802902863
