ind,salinity
30.0,6.474642579820647
43.0,14.325881156777816
55.0,19.326511947158423
67.0,22.408550257216746
