ind,salinity
30.0,6.474642579820647
41.0,23.702506511493123
42.0,22.563870805168186
43.0,14.325881156777811
54.0,27.230174343847327
