ind,salinity
37.0,32.75685630975536
38.0,30.77880835816744
50.0,34.37621965317749
51.0,31.78316936893253
64.0,31.885432360334796
