ind,salinity
60.0,28.77886482981714
61.0,32.93318523604246
62.0,36.164772287501805
63.0,33.49473365512678
