ind,salinity
9.0,20.06742325525627
21.0,25.39640248557343
35.0,31.61067931664365
47.0,28.540570016432905
60.0,28.778864829817145
