ind,salinity
64.0,31.885432360334793
65.0,33.27364797816687
66.0,30.759566624860714
67.0,22.408550257216746
79.0,22.247593150307424
