ind,salinity
41.0,23.702506511493123
52.0,30.18612151264266
53.0,30.546394463759665
63.0,33.49473365512678
64.0,31.885432360334793
