ind,salinity
26.0,27.377679779971775
39.0,29.6034248488445
51.0,31.78316936893253
63.0,33.49473365512677
