ind,salinity
21.0,25.396402485573425
22.0,28.53888285905147
23.0,29.09010411944288
36.0,33.14150532159825
37.0,32.75685630975536
