ind,salinity
3485.0,29.42450002523569
3490.0,29.48153330485026
4075.0,29.186120071411132
4080.0,29.352192255166862
4085.0,29.375181891701438
4675.0,29.233777787950302
