ind,salinity
559.0,30.660871852448235
578.0,30.572140679966587
