ind,salinity
578.0,30.57214067996659
595.0,30.832793313269587
