ind,salinity
438.0,29.78707601280569
458.0,30.048504898037827
459.0,29.597687531461464
480.0,29.683715441729998
