ind,salinity
520.0,29.6721071370984
541.0,29.39291977378434
