ind,salinity
501.0,29.162043260666216
520.0,29.672107137098404
