ind,salinity
540.0,30.256654435807857
541.0,29.392919773784335
559.0,30.66087185244824
