ind,salinity
480.0,29.683715441729994
501.0,29.162043260666223
