ind,salinity
311.0,29.997239811552955
331.0,30.38384367258768
