ind,salinity
331.0,30.383843672587695
332.0,29.54501514349297
