ind,salinity
416.0,30.11022740270425
438.0,29.787076012805695
