ind,salinity
396.0,29.768455062675905
416.0,30.110227402704254
