ind,salinity
437.0,30.301945361647913
438.0,29.78707601280569
