ind,salinity
374.0,30.314964237453296
396.0,29.76845506267591
