ind,salinity
354.0,29.442034969284325
374.0,30.314964237453292
375.0,29.069582635417333
