ind,salinity
289.0,30.26177565357884
310.0,30.581006606823333
311.0,29.997239811552944
