ind,salinity
332.0,29.545015143492968
354.0,29.442034969284325
