ind,salinity
437.0,30.30194536164791
438.0,29.787076012805695
