ind,salinity
208.0,29.431392522865227
228.0,30.025242906992784
