ind,salinity
288.0,30.942886051970326
289.0,30.261775653578848
