ind,salinity
267.0,30.738588772104873
287.0,31.441041509366915
288.0,30.94288605197032
