ind,salinity
208.0,29.43139252286523
229.0,29.348152487375295
