ind,salinity
231.0,27.812313041669036
251.0,28.383712948692374
