ind,salinity
229.0,29.348152487375295
230.0,28.641366408098733
251.0,28.38371294869237
