ind,salinity
227.0,30.486957630408035
247.0,30.76876424912245
