ind,salinity
247.0,30.768764249122448
267.0,30.73858877210487
