ind,salinity
227.0,30.48695763040804
228.0,30.025242906992787
