ind,salinity
427.0,33.62021063581803
458.0,32.46435350490821
