ind,salinity
336.0,37.97261211950994
367.0,37.21464444572905
