ind,salinity
304.0,37.12867754410785
336.0,37.97261211950994
