ind,salinity
241.0,37.201447740359654
272.0,37.681080053032495
273.0,37.32369210934318
