ind,salinity
396.0,34.83309332125935
427.0,33.62021063581803
