ind,salinity
367.0,37.21464444572905
396.0,34.83309332125935
397.0,35.59901441578118
