ind,salinity
209.0,36.77811007355503
241.0,37.201447740359654
