ind,salinity
273.0,37.32369210934318
304.0,37.12867754410785
