ind,salinity
399.0,36.19349746417681
429.0,35.265608432186106
