ind,salinity
397.0,35.59901441578118
398.0,36.70489621859308
428.0,34.22888735556791
429.0,35.265608432186106
