ind,salinity
431.0,33.38418832943758
461.0,32.20085124383721
