ind,salinity
369.0,36.12237931599828
370.0,34.83851055005763
399.0,36.19349746417681
