ind,salinity
400.0,35.1587952830028
401.0,33.59935764218238
431.0,33.38418832943758
