ind,salinity
397.0,35.59901441578118
427.0,33.62021063581803
