ind,salinity
461.0,32.20085124383721
490.0,31.45875942980794
