ind,salinity
370.0,34.83851055005763
371.0,33.30574461964509
