ind,salinity
490.0,31.45875942980794
491.0,30.871440613641482
520.0,30.15868887845313
