ind,salinity
11781.0,34.59784386907778
12381.0,34.57368448895312
12980.0,30.476106538551456
12981.0,34.54629674933434
13580.0,30.41853706787031
14180.0,30.37264775792575
14780.0,30.33828163702067
