ind,salinity
11915.0,29.07208918850079
11920.0,29.022636237414375
12520.0,28.915369345817517
12525.0,28.86248025475437
12530.0,28.8261211704816
13130.0,28.766473658324507
13135.0,28.778324912149692
