ind,salinity
16780.0,28.957430269454356
17380.0,28.990486498767382
17980.0,29.037711239970918
18580.0,29.109173005806156
19180.0,29.200537069500328
19780.0,29.272957219687022
