ind,salinity
18515.0,28.969984941362
19115.0,28.986382445501384
19715.0,28.96010656863773
20315.0,28.93696383828874
20915.0,28.98351064786419
21515.0,29.091810577446957
