ind,salinity
10180.0,29.506247563098793
10780.0,29.26620363057025
11380.0,29.09721575464284
11980.0,29.004845255142808
12580.0,28.965936818184005
13180.0,28.938225730427472
