ind,salinity
13091.0,34.08052511937398
13691.0,34.0621907642402
14291.0,34.06288311094022
14891.0,34.07533596957318
15491.0,34.09055042775857
16091.0,34.101683042234434
16691.0,34.10925524794588
