ind,salinity
25160.0,29.92513504924307
25165.0,29.943560160301477
25765.0,30.079851793334726
25770.0,30.099562012998668
25775.0,30.121609453299435
26375.0,30.26236389431319
26380.0,30.302957357527685
