ind,salinity
16690.0,29.00898837693483
17290.0,29.04133012542257
17890.0,29.0809098656395
18490.0,29.117876831230316
18491.0,34.15563939903649
19091.0,34.167471393672166
19691.0,34.166580257891056
