ind,salinity
25115.0,29.87758977090942
25120.0,29.872411356796064
25720.0,30.004527064206254
25725.0,30.004719010996663
25730.0,30.00489658775249
26330.0,30.134437020529845
26335.0,30.135795370708028
