ind,salinity
33580.0,31.744947086520952
34180.0,31.859051748884543
34780.0,31.936915533443045
34781.0,35.09992769995862
35381.0,35.10936133127466
35981.0,35.11895799398178
36581.0,35.133496624136015
