ind,salinity
34715.0,31.578174663017503
35315.0,31.655160534529436
35915.0,31.730732891584015
36515.0,31.804415743613664
37115.0,31.871667547608418
37715.0,31.931829919356055
38315.0,31.989548373269695
