ind,salinity
21472.0,36.64903058403076
22072.0,36.64542586213621
22672.0,36.64080782131017
23272.0,36.63544441701309
23872.0,36.62927336853054
24472.0,36.62169752713533
25072.0,36.61276846950775
