,ind,salinity
0,120.0,33.917454943355395
1,150.0,33.8779949747319
