ind,salinity
663.0,29.618772311030302
678.0,29.851053410178594
