ind,salinity
662.0,30.28022215143751
663.0,29.618772311030288
