ind,salinity
679.0,28.84618358913054
693.0,29.338523931754317
