ind,salinity
614.0,30.35035837437564
631.0,30.74343910241882
632.0,30.08485155465966
