ind,salinity
678.0,29.851053410178586
692.0,30.030626892943722
693.0,29.338523931754306
