ind,salinity
595.0,30.752861262098026
596.0,30.388186467653387
