ind,salinity
647.0,30.640468930052627
662.0,30.280222151437506
