ind,salinity
632.0,30.084851554659654
647.0,30.640468930052627
