ind,salinity
596.0,30.38818646765339
614.0,30.35035837437563
