ind,salinity
526.0,24.800429573971964
546.0,25.435942562598274
