ind,salinity
566.0,25.288931230703664
585.0,25.27491544014862
602.0,25.742442013472303
