ind,salinity
602.0,25.7424420134723
619.0,26.157880544625737
