ind,salinity
636.0,26.135829126400438
651.0,26.947293792366224
