ind,salinity
650.0,27.74067124628652
651.0,26.947293792366214
