ind,salinity
487.0,23.791986126325035
507.0,24.126866888218267
