ind,salinity
619.0,26.157880544625733
636.0,26.135829126400438
