ind,salinity
650.0,27.74067124628651
665.0,27.7718955449372
679.0,28.846183589130547
