ind,salinity
546.0,25.435942562598278
566.0,25.288931230703668
