ind,salinity
507.0,24.126866888218263
526.0,24.800429573971975
