ind,salinity
443.0,25.69144685092918
464.0,25.771306646524696
