ind,salinity
464.0,25.771306646524703
465.0,24.72407461971605
486.0,25.061079433226052
487.0,23.791986126325035
