ind,salinity
457.0,25.760499810989625
479.0,25.05340260463066
