ind,salinity
480.0,24.259376630176252
501.0,24.13759809704952
