ind,salinity
543.0,20.86559247805503
562.0,21.85478388463962
563.0,20.322854236525977
