ind,salinity
479.0,25.053402604630648
480.0,24.259376630176263
