ind,salinity
582.0,20.019329359705672
600.0,19.819038205018927
