ind,salinity
563.0,20.322854236525973
582.0,20.019329359705676
