ind,salinity
522.0,21.602051203520496
543.0,20.86559247805504
