ind,salinity
414.0,26.84376711056772
435.0,27.706988115847324
436.0,26.4944266885931
