ind,salinity
436.0,26.4944266885931
457.0,25.760499810989625
