ind,salinity
501.0,24.137598097049523
521.0,23.141605685012134
522.0,21.6020512035205
