ind,salinity
352.0,26.212020717209203
372.0,25.582998171467906
