ind,salinity
372.0,25.582998171467906
393.0,26.573222074528985
