ind,salinity
227.0,27.89310180936673
248.0,28.65342019277051
268.0,28.162862880697897
