ind,salinity
268.0,28.162862880697897
288.0,27.829292642337357
