ind,salinity
227.0,27.89310180936673
228.0,28.228315834147747
248.0,28.653420192770522
