ind,salinity
352.0,26.212020717209192
353.0,25.69959717535696
