ind,salinity
393.0,26.573222074528985
413.0,28.178512323319943
414.0,26.843767110567722
