ind,salinity
331.0,26.420418879188734
353.0,25.699597175356956
