ind,salinity
310.0,27.312891888867625
331.0,26.420418879188734
