ind,salinity
288.0,27.829292642337354
310.0,27.312891888867625
