ind,salinity
253.0,19.692549989705835
273.0,20.480388007505017
274.0,18.73948729690446
