ind,salinity
211.0,21.48607917828531
212.0,20.33965158362757
