ind,salinity
208.0,27.0738178560635
228.0,28.228315834147743
