ind,salinity
189.0,26.224709067391533
190.0,24.50332923902706
210.0,23.322315004172406
