ind,salinity
210.0,23.322315004172403
211.0,21.48607917828531
