ind,salinity
189.0,26.224709067391522
208.0,27.073817856063503
209.0,25.895888590305642
