ind,salinity
274.0,18.739487296904457
295.0,17.192444364814445
