ind,salinity
233.0,19.868794854500546
253.0,19.692549989705853
