ind,salinity
295.0,17.19244436481445
317.0,16.603505468167292
