ind,salinity
212.0,20.33965158362757
232.0,20.446040226202303
233.0,19.868794854500546
