ind,salinity
360.0,15.40831238808992
380.0,16.185302913469343
