ind,salinity
508.0,15.157016598968672
527.0,16.442597620356747
