ind,salinity
317.0,16.60350546816729
338.0,15.927805577656352
