ind,salinity
445.0,16.348497014205247
465.0,15.389774832954023
