ind,salinity
402.0,17.13547123170571
423.0,16.685774341751877
