ind,salinity
487.0,15.014276111387243
508.0,15.157016598968669
