ind,salinity
465.0,15.389774832954034
487.0,15.014276111387243
