ind,salinity
338.0,15.927805577656356
360.0,15.40831238808992
