ind,salinity
380.0,16.185302913469343
401.0,17.761502180674764
402.0,17.135471231705726
