ind,salinity
423.0,16.685774341751877
445.0,16.348497014205254
