ind,salinity
605.0,18.70055500298391
606.0,17.93954415082593
