ind,salinity
605.0,18.70055500298391
622.0,19.259941811529817
