ind,salinity
622.0,19.25994181152982
638.0,19.822979127093884
