ind,salinity
549.0,16.719448810551924
550.0,17.463959906444305
570.0,17.84672024449104
