ind,salinity
588.0,18.218590355824574
606.0,17.93954415082593
