ind,salinity
527.0,16.44259762035675
548.0,17.6507266659822
