ind,salinity
654.0,19.00368131566871
655.0,18.090817258938372
