ind,salinity
570.0,17.84672024449104
588.0,18.218590355824567
