ind,salinity
548.0,17.65072666598219
549.0,16.719448810551924
