ind,salinity
638.0,19.82297912709388
654.0,19.00368131566871
655.0,18.090817258938372
