ind,salinity
692.0,24.396444567442856
693.0,22.61051045949984
