ind,salinity
667.0,20.938741512565517
681.0,21.615683929647506
