ind,salinity
690.0,26.8379434539531
702.0,26.813418535017266
