ind,salinity
676.0,27.058445718853797
690.0,26.837943453953095
