ind,salinity
681.0,21.61568392964751
693.0,22.610510459499846
694.0,21.884338384740683
