ind,salinity
692.0,24.396444567442845
703.0,25.299871779501093
