ind,salinity
662.0,24.050580299067022
676.0,27.058445718853804
