ind,salinity
653.0,20.114193086640217
654.0,19.00368131566871
667.0,20.938741512565517
