ind,salinity
702.0,26.81341853501727
703.0,25.2998717795011
