ind,salinity
647.0,23.651817387345268
662.0,24.050580299067025
