ind,salinity
631.0,23.0973296025488
647.0,23.65181738734526
