ind,salinity
597.0,23.05815985914505
598.0,22.234909240897874
