ind,salinity
580.0,22.824841454288546
598.0,22.234909240897874
