ind,salinity
596.0,24.768991080163286
597.0,23.058159859145047
613.0,25.25896194717381
614.0,23.675649133800363
