ind,salinity
561.0,24.02060912160334
580.0,22.824841454288553
