ind,salinity
559.0,26.663608172212257
560.0,25.565468580757695
578.0,25.965312049362293
