ind,salinity
630.0,24.842517847473335
631.0,23.097329602548804
