ind,salinity
613.0,25.258961947173812
614.0,23.675649133800356
630.0,24.84251784747334
