ind,salinity
560.0,25.565468580757702
561.0,24.020609121603336
