ind,salinity
517.0,27.741039900828575
537.0,28.1423131015232
