ind,salinity
455.0,28.51228890755884
476.0,29.211381291473426
477.0,27.85321533767941
