ind,salinity
537.0,28.142313101523193
538.0,26.743088198493822
