ind,salinity
476.0,29.211381291473415
477.0,27.8532153376794
497.0,28.561889178046957
498.0,27.220016760465086
