ind,salinity
455.0,28.51228890755883
456.0,27.378882102276336
