ind,salinity
538.0,26.743088198493822
557.0,26.984453763114107
