ind,salinity
557.0,26.984453763114114
558.0,26.741889854258826
576.0,27.261017513849435
