ind,salinity
558.0,26.74188985425883
559.0,26.663608172212257
576.0,27.261017513849435
