ind,salinity
498.0,27.220016760465075
517.0,27.741039900828575
