ind,salinity
436.0,26.494426688593098
456.0,27.378882102276325
