ind,salinity
415.0,25.846804295783667
436.0,26.494426688593105
