,ind,salinity
0,581.0,28.369047181061127
1,599.0,28.905788491711807
