,ind,salinity
0,459.0,27.76423511121562
1,481.0,27.656140615468455
