,ind,salinity
0,502.0,27.20194258137406
1,521.0,27.803971206009525
2,522.0,27.061880322291657
