,ind,salinity
0,437.0,28.31056107163669
1,438.0,27.76165437652226
