,ind,salinity
0,561.0,28.537290479101333
1,562.0,28.239664899344284
2,580.0,28.653727812053628
3,581.0,28.369047181061127
