,ind,salinity
0,481.0,27.65614061546844
1,502.0,27.201942581374055
