,ind,salinity
0,438.0,27.761654376522273
1,459.0,27.764235111215616
