,ind,salinity
0,521.0,27.80397120600952
1,542.0,27.843735901495
