,ind,salinity
0,542.0,27.843735901495002
1,561.0,28.53729047910134
2,562.0,28.239664899344284
