ind,salinity
548.0,24.774166742960613
549.0,25.19237066118905
