ind,salinity
466.0,28.177968017578124
488.0,28.131791591644287
