ind,salinity
528.0,24.94852816120962
548.0,23.834110895792644
