ind,salinity
563.0,27.720563165072736
564.0,26.553555523907697
