ind,salinity
545.0,28.66822119518719
546.0,28.035000165303547
