ind,salinity
526.0,28.513966687520345
546.0,28.452705138768906
