ind,salinity
563.0,28.623934448742475
581.0,28.733983962766587
