ind,salinity
579.0,28.529593884944916
580.0,28.48289555222241
