ind,salinity
487.0,29.0670541299356
488.0,28.79405724661691
508.0,28.611055515430593
