ind,salinity
526.0,28.802920434327252
547.0,29.43118727207184
