ind,salinity
458.0,27.953066635131837
479.0,27.942550010681153
