ind,salinity
479.0,29.207789370888158
499.0,28.424430436725856
