ind,salinity
499.0,28.464500109354656
519.0,28.00657655526926
