ind,salinity
560.0,28.015499750773113
578.0,28.26475002368291
