ind,salinity
416.0,28.105034597988787
437.0,27.310888926188152
