ind,salinity
520.0,28.755076872996796
540.0,28.42379633585612
