ind,salinity
578.0,27.233300177256265
579.0,27.759983095072084
596.0,27.834356716700963
