ind,salinity
331.0,28.221666706932915
353.0,28.441472238964504
