ind,salinity
353.0,27.430437525113422
374.0,26.42246580777103
