ind,salinity
353.0,27.91039394609856
354.0,28.26326675415039
