ind,salinity
13180.0,31.871327811347065
13780.0,31.94208110661925
14380.0,32.02291131766944
14980.0,32.109377342993426
15580.0,32.19112070882214
16180.0,32.27048380977017
16780.0,32.33993840010778
