ind,salinity
19736.0,35.40551755979364
20336.0,35.422954942880295
20936.0,35.45032990349067
21536.0,35.48148769271678
22136.0,35.51129579994681
22736.0,35.54065553474913
23336.0,35.568081365746174
