ind,salinity
10181.0,35.31026510551012
10781.0,35.29594202640974
11381.0,35.29796846249075
11980.0,31.729428560153096
12580.0,31.80172032346239
13180.0,31.87132781134705
