ind,salinity
34760.0,34.05494935601367
35360.0,34.127295981525535
35960.0,34.162568229921156
36560.0,34.17566255576865
37160.0,34.20698980007858
37760.0,34.273487645065025
38360.0,34.32972904921167
