ind,salinity
26335.0,32.95675548639731
26935.0,33.03857102891646
27535.0,33.1156426897291
28135.0,33.197369514228576
28735.0,33.27860546882033
29335.0,33.355531148067726
29935.0,33.42224909610269
