ind,salinity
23336.0,35.568081365746195
23936.0,35.59176013605632
24536.0,35.61287806563884
25135.0,32.77922951794844
25136.0,35.63410495509789
25735.0,32.86991068360714
26335.0,32.956755486397306
