ind,salinity
34715.0,33.70451418813674
35315.0,33.75648906143307
35915.0,33.800348447394406
36515.0,33.84361091086493
37115.0,33.89131768674328
37715.0,33.937999099326696
38315.0,33.97455838708401
