ind,salinity
38360.0,34.32972904921167
38960.0,34.34675036147796
39560.0,34.3628356696473
40160.0,34.41353932947165
40760.0,34.46600301107043
41360.0,34.483655589060945
