ind,salinity
29935.0,33.42224909610269
30535.0,33.477181706154674
31135.0,33.52570683551682
31735.0,33.57785849146223
32335.0,33.637819790770955
32935.0,33.705415509271965
33535.0,33.77096684135372
