ind,salinity
38315.0,33.97455838708401
38915.0,34.005138665601976
39515.0,34.04653574405178
40115.0,34.08970481686133
40116.0,35.79934293863947
40716.0,35.80222152733601
41316.0,35.80277492309098
