ind,salinity
26290.0,32.48690560852991
26890.0,32.573004556874494
27490.0,32.65628021396701
28090.0,32.744422689763276
28690.0,32.83305849983617
29290.0,32.912440149258856
29890.0,32.98581530725866
