ind,salinity
23290.0,31.99359757075435
23890.0,32.10583617366696
24490.0,32.20890271759119
25090.0,32.30603611491092
25690.0,32.40026330032186
26290.0,32.486905608529916
