ind,salinity
29890.0,32.98581530725866
30490.0,33.052944711179244
31090.0,33.1208761185096
31690.0,33.19199700080481
32290.0,33.26433185092957
32890.0,33.334525191280896
33490.0,33.39776312370973
