ind,salinity
16780.0,32.33993840010779
17380.0,32.40462569975472
17980.0,32.48006053697767
18580.0,32.576995544546946
19180.0,32.68590174899629
19780.0,32.779767006041205
