ind,salinity
11915.0,30.87162717640615
11920.0,30.906138999105913
12520.0,30.90298000707698
12525.0,30.930159667129203
12530.0,30.964887176554193
13130.0,30.99805395112926
13135.0,31.071824564048143
