ind,salinity
13000.0,30.334984471085708
13600.0,30.345900904582564
14200.0,30.366624803338564
14800.0,30.39436006819676
15400.0,30.422179463918727
16000.0,30.460436813275248
16600.0,30.510171243167594
