ind,salinity
16647.0,36.85010560662259
17247.0,36.846870678053115
17847.0,36.844049547294574
18446.0,34.92586315688747
18447.0,36.84245718746076
19046.0,34.94670821339338
19646.0,34.95908423603738
