ind,salinity
16600.0,30.510171243167576
17200.0,30.565451903404824
17800.0,30.61201743611587
18400.0,30.657467343638004
19000.0,30.71585888465012
19600.0,30.768181814098988
