ind,salinity
11640.0,30.922697535530663
11645.0,30.848700176622565
12230.0,31.009324416681775
12235.0,30.95592016102316
12240.0,30.87815158904214
12825.0,30.98267029789029
12830.0,30.960514390586905
