ind,salinity
10001.0,34.80084568230495
10601.0,34.77851046305221
11201.0,34.7559420724682
11800.0,30.34006805634829
11801.0,34.735078410544965
12400.0,30.333337223215953
13000.0,30.3349844710857
