ind,salinity
61.0,37.398496919029455
74.0,34.80202505621969
75.0,37.813471626436744
87.0,35.407566922357994
