ind,salinity
60.0,32.3604393425095
71.0,22.311293654529926
72.0,26.50947665769986
82.0,17.66755047394968
