ind,salinity
4.0,18.677849614248622
13.0,29.697158387037444
14.0,28.224612495905887
24.0,33.458092988389495
