ind,salinity
24.0,33.458092988389495
37.0,37.39592685526726
48.0,35.057853900328844
49.0,38.05510542279516
60.0,32.36043934250951
