ind,salinity
4.0,18.67784961424862
15.0,24.5664592008718
26.0,28.41200777775082
40.0,27.659871212467035
