ind,salinity
73.0,32.30937135688042
74.0,34.80202505621969
75.0,37.813471626436744
76.0,38.802485162792266
86.0,32.17943846598067
87.0,35.40756692235799
88.0,33.937951968171156
