ind,salinity
21.0,22.321933627435406
35.0,28.205038658193715
48.0,35.057853900328844
61.0,37.398496919029455
