ind,salinity
21.0,22.32193362743541
22.0,28.30624510706495
23.0,29.882866201886536
24.0,33.458092988389495
