ind,salinity
40.0,27.65987121246703
52.0,30.699713116052582
64.0,34.44815938154598
76.0,38.802485162792266
77.0,33.04150469928291
88.0,33.937951968171156
