ind,salinity
73.0,32.30937135688042
82.0,17.66755047394968
83.0,21.869726478983047
84.0,24.260017567159263
