ind,salinity
87.0,35.40756692235799
96.0,27.40465921988769
102.0,23.20249205756749
108.0,19.514430282259326
