ind,salinity
53.0,26.185573938346323
63.0,39.0301541763586
64.0,34.44815938154598
65.0,29.743352494493422
75.0,37.813471626436744
