ind,salinity
43.0,14.93851547006741
53.0,26.185573938346323
54.0,22.31503483905215
55.0,16.67649569234019
