ind,salinity
54.0,22.315034839052153
65.0,29.743352494493422
66.0,24.96168229579595
76.0,38.802485162792266
77.0,33.0415046992829
