ind,salinity
54.0,22.315034839052153
66.0,24.961682295795956
78.0,26.410688535504622
89.0,28.979915496217078
