ind,salinity
75.0,37.813471626436744
86.0,32.17943846598065
93.0,22.108828795099196
94.0,26.992351709450038
