ind,salinity
93.0,22.108828795099193
100.0,19.581018459998564
101.0,23.66697637856174
107.0,20.781711945600907
108.0,19.514430282259326
