ind,salinity
61.0,37.398496919029455
73.0,32.30937135688042
74.0,34.80202505621969
75.0,37.813471626436744
76.0,38.802485162792266
