ind,salinity
53.0,26.185573938346323
65.0,29.743352494493422
77.0,33.04150469928291
78.0,26.410688535504626
89.0,28.979915496217078
