ind,salinity
22.0,28.306245107064942
23.0,29.882866201886532
34.0,21.859556485329772
35.0,28.20503865819372
36.0,31.687015462525814
