ind,salinity
45.0,16.58192796163378
46.0,23.52037843810363
47.0,29.14610014707835
48.0,35.057853900328844
58.0,18.926957261442958
