ind,salinity
11.0,25.211397594212965
23.0,29.882866201886532
36.0,31.68701546252582
49.0,38.055105422795165
61.0,37.398496919029455
