ind,salinity
23.0,29.882866201886532
36.0,31.687015462525817
37.0,37.39592685526727
49.0,38.055105422795165
61.0,37.39849691902946
73.0,32.30937135688042
