ind,salinity
45.0,16.58192796163378
58.0,18.92695726144296
59.0,26.78307446611118
71.0,22.31129365452993
72.0,26.509476657699857
84.0,24.260017567159263
