ind,salinity
75.0,37.813471626436744
85.0,30.194567568661665
86.0,32.17943846598066
93.0,22.10882879509919
