ind,salinity
11.0,25.211397594212965
21.0,22.32193362743541
22.0,28.306245107064946
34.0,21.859556485329772
