ind,salinity
48.0,35.05785390032885
61.0,37.398496919029455
62.0,37.29049345989795
75.0,37.813471626436744
