ind,salinity
61.0,37.39849691902946
73.0,32.30937135688042
84.0,24.260017567159263
85.0,30.194567568661657
93.0,22.10882879509919
