ind,salinity
25.0,32.804389111022644
39.0,32.75449313845973
40.0,27.659871212467035
52.0,30.699713116052582
53.0,26.185573938346323
