ind,salinity
50.0,39.45211455628956
51.0,38.29528367203834
52.0,30.699713116052582
53.0,26.185573938346323
63.0,39.0301541763586
64.0,34.448159381545985
