ind,salinity
63.0,39.0301541763586
75.0,37.813471626436744
85.0,30.194567568661665
86.0,32.17943846598067
93.0,22.108828795099193
