ind,salinity
85.0,30.194567568661657
94.0,26.992351709450038
101.0,23.66697637856174
102.0,23.202492057567486
107.0,20.781711945600907
