ind,salinity
85.0,30.194567568661657
86.0,32.17943846598066
95.0,28.394792072856443
96.0,27.404659219887687
97.0,26.932419383879534
