ind,salinity
76.0,38.802485162792266
87.0,35.40756692235799
96.0,27.404659219887687
102.0,23.202492057567486
108.0,19.514430282259326
