ind,salinity
76.0,38.802485162792266
85.0,30.194567568661657
86.0,32.17943846598066
87.0,35.407566922357994
93.0,22.108828795099193
94.0,26.992351709450045
