ind,salinity
76.0,38.802485162792266
88.0,33.937951968171156
96.0,27.404659219887684
102.0,23.20249205756749
108.0,19.514430282259326
