ind,salinity
51.0,38.29528367203834
52.0,30.699713116052582
53.0,26.185573938346327
54.0,22.31503483905215
