ind,salinity
14.0,28.224612495905887
15.0,24.5664592008718
16.0,21.361857755946865
25.0,32.80438911102265
26.0,28.412007777750816
