ind,salinity
15.0,24.5664592008718
16.0,21.36185775594686
25.0,32.804389111022644
26.0,28.412007777750823
38.0,36.89919720078952
39.0,32.75449313845973
