ind,salinity
51.0,38.295283672038344
64.0,34.448159381545985
65.0,29.743352494493422
66.0,24.961682295795953
