ind,salinity
25.0,32.804389111022644
38.0,36.89919720078952
39.0,32.75449313845973
51.0,38.295283672038344
63.0,39.03015417635861
