ind,salinity
66.0,24.961682295795953
78.0,26.410688535504622
79.0,22.93233944334378
89.0,28.979915496217078
97.0,26.932419383879534
