ind,salinity
25.0,32.804389111022644
39.0,32.75449313845973
51.0,38.295283672038344
64.0,34.44815938154598
76.0,38.802485162792266
