ind,salinity
24.0,33.458092988389495
38.0,36.899197200789516
51.0,38.295283672038344
63.0,39.0301541763586
64.0,34.448159381545985
76.0,38.802485162792266
