ind,salinity
38.0,36.89919720078952
39.0,32.75449313845973
40.0,27.659871212467028
41.0,24.380886274768624
54.0,22.315034839052156
