ind,salinity
25.0,32.804389111022644
38.0,36.899197200789516
51.0,38.29528367203834
63.0,39.03015417635861
