ind,salinity
1.0,20.15963157065376
2.0,20.004546043527238
11.0,25.211397594212965
12.0,27.20884230034471
22.0,28.30624510706495
