ind,salinity
37.0,37.39592685526727
38.0,36.89919720078952
48.0,35.057853900328844
49.0,38.055105422795165
