ind,salinity
2.0,20.004546043527235
13.0,29.697158387037444
24.0,33.458092988389495
25.0,32.804389111022644
38.0,36.899197200789516
