ind,salinity
36.0,31.687015462525814
48.0,35.05785390032885
61.0,37.398496919029455
73.0,32.309371356880426
84.0,24.260017567159263
