ind,salinity
15.0,24.5664592008718
16.0,21.361857755946865
26.0,28.41200777775082
27.0,24.96031278462221
39.0,32.75449313845973
40.0,27.659871212467035
51.0,38.29528367203834
