ind,salinity
36.0,31.68701546252581
37.0,37.39592685526727
38.0,36.89919720078952
49.0,38.05510542279516
50.0,39.45211455628956
51.0,38.295283672038344
