ind,salinity
22.0,28.306245107064942
36.0,31.687015462525817
37.0,37.39592685526726
38.0,36.89919720078952
