ind,salinity
15.0,24.5664592008718
16.0,21.361857755946865
26.0,28.412007777750823
38.0,36.89919720078952
39.0,32.75449313845973
