ind,salinity
24.0,33.458092988389495
38.0,36.899197200789516
50.0,39.45211455628955
63.0,39.03015417635861
75.0,37.813471626436744
