ind,salinity
84.0,24.260017567159263
85.0,30.194567568661657
93.0,22.108828795099193
94.0,26.99235170945004
100.0,19.58101845999856
101.0,23.66697637856174
