ind,salinity
85.0,27.83883568525121
86.0,28.84459322858501
