ind,salinity
61.0,27.548099440421733
88.0,29.445243780493644
89.0,28.98742755393351
