ind,salinity
40.0,22.39140016137472
63.0,26.046903312089867
