ind,salinity
83.0,28.849319530437153
112.0,29.72123867302528
113.0,30.608747474014695
