ind,salinity
63.0,26.046903312089867
89.0,28.98742755393351
