ind,salinity
58.0,26.584081560766858
84.0,28.12209681536009
85.0,27.83883568525121
