ind,salinity
83.0,28.849319530437153
84.0,28.12209681536009
