ind,salinity
112.0,29.72123867302528
113.0,30.608747474014695
143.0,33.344200466854815
