ind,salinity
86.0,28.84459322858501
87.0,29.894585655145153
