ind,salinity
61.0,27.548099440421733
87.0,29.894585655145153
