ind,salinity
143.0,33.344200466854815
175.0,33.01586246556
176.0,34.54070094615497
