ind,salinity
586.0,20.405242818862067
603.0,20.934661925478192
