ind,salinity
506.0,20.39660786751293
507.0,18.41125492546442
526.0,19.22305022077826
