ind,salinity
526.0,19.223050220778255
547.0,18.404002670883774
