ind,salinity
567.0,19.481256713401386
586.0,20.405242818862067
