ind,salinity
623.0,19.021255917639188
624.0,17.575238515771034
