ind,salinity
547.0,18.404002670883777
567.0,19.481256713401386
