ind,salinity
605.0,19.720516762464168
623.0,19.02125591763919
