ind,salinity
603.0,20.934661925478203
604.0,20.34093963774425
