ind,salinity
624.0,17.575238515771034
641.0,17.283888931963652
