ind,salinity
337.0,20.823282293407267
358.0,21.297198529923946
