ind,salinity
486.0,20.10502242810936
506.0,20.39660786751293
