ind,salinity
358.0,21.29719852992395
378.0,22.068565400225655
