ind,salinity
423.0,20.25975254326718
445.0,19.917016690464656
