ind,salinity
465.0,20.226456261465458
486.0,20.105022428109358
