ind,salinity
400.0,21.932575621935484
401.0,21.43960018598045
421.0,21.39797143242835
