ind,salinity
401.0,21.439600185980446
422.0,20.975148048083273
