ind,salinity
422.0,20.97514804808327
423.0,20.259752543267176
