ind,salinity
445.0,19.917016690464656
465.0,20.22645626146546
