ind,salinity
378.0,22.06856540022566
400.0,21.932575621935484
