ind,salinity
233.0,21.545447024250254
253.0,21.863792056905744
254.0,20.709773532625032
