ind,salinity
213.0,21.307863188145383
233.0,21.545447024250254
234.0,20.87721399045546
