ind,salinity
213.0,21.307863188145383
214.0,20.214203493609936
