ind,salinity
253.0,21.86379205690575
274.0,21.161175307160594
