ind,salinity
337.0,20.823282293407267
338.0,20.27015150537623
