ind,salinity
195.0,20.193521042865594
214.0,20.21420349360993
