ind,salinity
337.0,20.82328229340727
338.0,20.27015150537622
