ind,salinity
175.0,21.21201183685417
194.0,21.088787776515737
195.0,20.193521042865594
