ind,salinity
316.0,21.509287659378625
337.0,20.82328229340727
