ind,salinity
274.0,21.161175307160597
294.0,21.467201388684824
316.0,21.50928765937862
