ind,salinity
156.0,21.970896430511782
175.0,21.21201183685417
