ind,salinity
120.0,22.731662441577132
137.0,22.686192254209793
