ind,salinity
72.0,23.74208482046591
73.0,23.7146382841551
88.0,23.08455791902148
