ind,salinity
120.0,22.731662441577132
121.0,21.92699715254777
