ind,salinity
87.0,23.310817246333578
104.0,22.98473622602777
