ind,salinity
137.0,22.68619225420979
156.0,21.970896430511782
