ind,salinity
104.0,22.984736226027774
121.0,21.926997152547766
