ind,salinity
87.0,23.310817246333578
88.0,23.08455791902147
