ind,salinity
90.0,23.313944901352365
91.0,23.548510118194926
