ind,salinity
73.0,23.7146382841551
90.0,23.31394490135236
