ind,salinity
200.0,17.530581579589544
219.0,17.463478481066176
