ind,salinity
163.0,21.1571430779174
181.0,19.217654763315352
