ind,salinity
219.0,17.463478481066176
240.0,16.091092707892752
