ind,salinity
91.0,23.54851011819493
92.0,24.19844409520376
