ind,salinity
181.0,19.217654763315352
200.0,17.530581579589544
