ind,salinity
145.0,23.199148104072403
163.0,21.157143077917404
