ind,salinity
109.0,24.41348492368953
110.0,24.570550192291222
