ind,salinity
110.0,24.570550192291222
127.0,24.425230697997044
128.0,23.949589083474418
145.0,23.199148104072403
