ind,salinity
92.0,24.19844409520376
109.0,24.41348492368952
