ind,salinity
262.0,15.13803856610774
282.0,14.804218992282415
