ind,salinity
282.0,14.804218992282417
303.0,13.907441673051464
