ind,salinity
324.0,13.319621710732353
344.0,12.5509114910906
