ind,salinity
344.0,12.5509114910906
366.0,12.071989584674583
