ind,salinity
366.0,12.071989584674583
387.0,12.564960604997072
