ind,salinity
240.0,16.091092707892756
261.0,15.269090621515433
262.0,15.13803856610774
