ind,salinity
427.0,16.02876343184209
449.0,15.18003252360788
