ind,salinity
387.0,12.564960604997076
407.0,14.61578866200791
408.0,13.157431217657656
