ind,salinity
303.0,13.907441673051464
324.0,13.319621710732353
