ind,salinity
407.0,14.615788662007903
427.0,16.02876343184209
428.0,15.013598519936375
