ind,salinity
569.0,17.835363420954504
587.0,19.513527956248495
