ind,salinity
449.0,15.180032523607883
469.0,14.930096829324754
