ind,salinity
490.0,15.313098669407843
510.0,15.90490347523658
