ind,salinity
587.0,19.5135279562485
605.0,19.720516762464168
