ind,salinity
469.0,14.930096829324752
491.0,14.222925731318682
