ind,salinity
551.0,15.22732957017074
570.0,16.157209093495013
