ind,salinity
530.0,15.494464737161689
550.0,16.165179912893848
551.0,15.227329570170742
