ind,salinity
510.0,15.904903475236585
530.0,15.49446473716168
550.0,16.165179912893848
