ind,salinity
490.0,15.313098669407845
491.0,14.22292573131868
