ind,salinity
550.0,16.165179912893844
569.0,17.835363420954508
570.0,16.157209093495013
