ind,salinity
636.0,21.399060124410767
652.0,20.421076031356193
