ind,salinity
604.0,20.34093963774425
605.0,19.720516762464168
