ind,salinity
620.0,20.66168482098858
637.0,20.494706344096123
652.0,20.421076031356193
