ind,salinity
620.0,20.661684820988583
637.0,20.49470634409613
638.0,20.114659861361705
