ind,salinity
616.0,26.02383234526016
633.0,26.68642783103407
