ind,salinity
634.0,24.85755730505252
635.0,22.258798265877154
