ind,salinity
633.0,26.686427831034074
634.0,24.857557305052516
