ind,salinity
621.0,20.945330600705695
638.0,20.114659861361705
