ind,salinity
635.0,22.258798265877147
636.0,21.399060124410756
