ind,salinity
603.0,20.934661925478196
604.0,20.340939637744253
621.0,20.945330600705695
