ind,salinity
598.0,24.79062389240621
616.0,26.023832345260153
