,ind,salinity
0,4761.0,35.48053003893595
1,5361.0,35.42162488398419
2,5366.0,35.43702491489354
3,5371.0,35.44982471753153
4,5971.0,35.40433879683081
5,5976.0,35.422022031811686
6,6576.0,35.38999194757708
7,6581.0,35.40588501171136
