,ind,salinity
0,8315.0,31.05924498386902
1,8915.0,30.998433535885724
2,9515.0,30.948047989265525
3,10115.0,30.904170651214464
4,10715.0,30.876169766015845
5,11315.0,30.863794037876573
6,11915.0,30.87162717640616
