,ind,salinity
0,6581.0,35.405885011711376
1,7181.0,35.37899826195725
2,7781.0,35.36271273909386
3,8380.0,31.953905701099806
4,8381.0,35.34556181938547
5,8980.0,31.90669795036178
6,9580.0,31.848741297586965
7,10180.0,31.796703041625427
