,ind,salinity
0,6490.0,31.16061327972363
1,6495.0,31.208189188366003
2,7095.0,31.09694152360545
3,7100.0,31.13604593966198
4,7700.0,31.03017851771327
5,7705.0,31.06114673800544
6,7710.0,31.099384609327075
7,8310.0,31.015310083684074
8,8315.0,31.059244983869025
