,ind,salinity
0,10175.0,31.632240703088762
1,10180.0,31.796703041625427
2,10765.0,31.340905075357643
3,10770.0,31.447388379584996
4,10775.0,31.569112273654184
5,11360.0,31.29721585713612
6,11365.0,31.384139428847607
7,11960.0,31.357426706998087
