,ind,salinity
0,3535.0,32.29959541650273
1,3540.0,32.281295016506895
2,3545.0,32.29010495569877
3,4145.0,32.142025517183875
4,4150.0,32.17763602478108
5,4151.0,35.542715281844366
6,4751.0,35.477467249103356
7,4756.0,35.476732438367854
8,4761.0,35.480530038935946
