,ind,salinity
0,6360.0,30.87084037792239
1,6960.0,30.797357322447297
2,7560.0,30.732929145295056
3,8160.0,30.660925837195403
4,8760.0,30.59733694818619
5,9360.0,30.544832453172475
6,9960.0,30.498241863694837
