,ind,salinity
0,1625.0,33.18112579153865
1,1630.0,33.20313403663661
2,2230.0,32.689519168388316
3,2235.0,32.69351684186534
4,2236.0,35.832678288608605
5,2241.0,35.84640666350097
6,2841.0,35.62703647012546
7,2846.0,35.645232150801576
8,3446.0,35.474575199633314
