,ind,salinity
0,4670.0,31.48915598414428
1,5270.0,31.29305373401237
2,5275.0,31.314696406167673
3,5280.0,31.356505326238057
4,5880.0,31.195897264281896
5,5885.0,31.245508547429395
6,6485.0,31.114704380989377
7,6490.0,31.16061327972363
