,ind,salinity
0,1670.0,33.347912645226636
1,2270.0,32.83099292341583
2,2870.0,32.31062533584458
3,3470.0,31.93057912620903
4,4070.0,31.68323958155577
5,4670.0,31.48915598414429
