,ind,salinity
0,3360.0,31.498698551400427
1,3960.0,31.349259440392977
2,4560.0,31.233361844216173
3,5160.0,31.10162285844574
4,5760.0,30.972169145552765
5,6360.0,30.870840377922384
