,ind,salinity
0,1620.0,33.11420015672947
1,1625.0,33.18112579153864
2,2210.0,32.47575529423507
3,2215.0,32.58778610859144
4,2220.0,32.65466312847985
5,2805.0,31.966702946647445
6,2810.0,32.05378506562541
7,3400.0,31.530023952077183
8,3405.0,31.565551200925743
