,ind,salinity
0,1580.0,32.127592427264574
1,1585.0,32.19977547012422
2,2185.0,31.983763465232556
3,2190.0,31.986232397027692
4,2195.0,32.076260773841916
5,2795.0,31.781301412144334
6,2800.0,31.870623966423587
7,3400.0,31.530023952077187
