,ind,salinity
0,1665.0,33.333537160008895
1,1670.0,33.347912645226636
2,2256.0,35.887827417316
3,2260.0,32.791673091360295
4,2261.0,35.902977063223766
5,2265.0,32.799374258901175
6,2851.0,35.664379547668155
7,2856.0,35.68612852063689
8,3446.0,35.474575199633314
9,3451.0,35.49947016463639
