,ind,salinity
0,1575.0,32.102527552444684
1,1580.0,32.12759242726458
2,2165.0,31.84335138201615
3,2170.0,31.853465829170418
4,2175.0,31.867166933025995
5,2760.0,31.673271541770028
6,2765.0,31.65957457253041
7,3360.0,31.498698551400405
