,ind,salinity
0,9950.0,30.52193237433212
1,9955.0,30.50878018962334
2,9960.0,30.49824186369484
3,10545.0,30.49491503459512
4,10550.0,30.482816569264163
5,11135.0,30.487411433735684
6,11140.0,30.471074454074294
7,11145.0,30.458099529069248
8,11735.0,30.441815362038817
