,ind,salinity
0,27845.0,31.332482159810944
1,28435.0,31.381475568045055
2,28440.0,31.392446189264653
3,28445.0,31.403510181222753
4,29030.0,31.438374869883443
5,29035.0,31.450514539524445
6,29625.0,31.493651254371848
7,29630.0,31.50523022342429
