,ind,salinity
0,33225.0,31.88361110630845
1,33825.0,31.945852123102664
2,34425.0,32.00602659507058
3,35025.0,32.06684304534336
4,35625.0,32.1282258900872
5,36225.0,32.1879569947512
