,ind,salinity
0,21245.0,30.620032742156177
1,21845.0,30.636841095694585
2,22445.0,30.689993696158435
3,23045.0,30.762529386388
4,23645.0,30.84323812719301
5,24245.0,30.918921513638068
6,24845.0,30.990135284870252
