,ind,salinity
0,14685.0,30.491552342877892
1,14690.0,30.47582479903694
2,15280.0,30.513784944534585
3,15285.0,30.49150283576934
4,15870.0,30.559316090927737
5,15875.0,30.54623266523875
6,15880.0,30.521428236392236
7,16470.0,30.570787256028268
