,ind,salinity
0,18245.0,30.67410853502046
1,18845.0,30.690079737089086
2,19445.0,30.703865240357246
3,20045.0,30.664017642556132
4,20645.0,30.613263922980938
5,21245.0,30.620032742156173
