,ind,salinity
0,16465.0,30.579087024830148
1,16470.0,30.57078725602828
2,17055.0,30.622073867368947
3,17060.0,30.60318407842818
4,17065.0,30.584843228035947
5,17645.0,30.67652962651719
6,17650.0,30.64758075355068
7,17655.0,30.623476453238464
8,18245.0,30.67410853502046
