,ind,salinity
0,12911.0,34.62921443756004
1,12916.0,34.62701201940535
2,13506.0,34.62180002149565
3,13511.0,34.621023855319784
4,14095.0,30.471117695082448
5,14100.0,30.456461430204342
6,14101.0,34.613699762318014
7,14106.0,34.6149265609341
8,14690.0,30.47582479903693
9,14695.0,30.45876520910001
