,ind,salinity
0,11730.0,30.45152233528157
1,11735.0,30.441815362038813
2,12321.0,34.64204787533392
3,12325.0,30.414770273145805
4,12326.0,34.64383116725206
5,12916.0,34.627012019405335
6,12921.0,34.62732745981094
