,ind,salinity
0,24845.0,30.990135284870252
1,25445.0,31.06045716017148
2,26045.0,31.1296092873555
3,26645.0,31.196898520598655
4,27245.0,31.2642916281231
5,27845.0,31.332482159810926
