,ind,salinity
0,29625.0,31.493651254371844
1,30225.0,31.558571128538247
2,30825.0,31.624518564891954
3,31425.0,31.69091156637983
4,32025.0,31.755938818083564
5,32625.0,31.820165274420887
6,33225.0,31.883611106308468
