,ind,salinity
0,41555.0,32.40307026335803
1,41560.0,32.41231878433457
2,41565.0,32.42398805153241
3,42165.0,32.46833347400332
4,42170.0,32.48144622153738
5,42770.0,32.52553546524179
6,42775.0,32.53830181116898
7,42780.0,32.552053725976236
