,ind,salinity
0,36225.0,32.1879569947512
1,36825.0,32.245479319385886
2,37425.0,32.30080372391488
3,38025.0,32.35208282694843
4,38625.0,32.401639690972104
5,39225.0,32.44991227872415
6,39825.0,32.497699738649075
