,ind,salinity
0,39815.0,32.45262356309937
1,39820.0,32.474778937464386
2,39825.0,32.497699738649075
3,40410.0,32.47527223209967
4,40415.0,32.497658860672786
5,41000.0,32.482872559084875
6,41005.0,32.501507639939014
7,41010.0,32.5216319307897
8,41600.0,32.528739415786475
