ind,salinity
6580.0,32.088910899606006
7180.0,32.03568582519454
7780.0,31.99731657084328
8380.0,31.953905701099806
8980.0,31.90669795036178
9580.0,31.848741297586965
10180.0,31.796703041625427
