ind,salinity
18516.0,35.23698985595956
19116.0,35.26226277337156
19715.0,31.67217851632752
19716.0,35.27956373324589
20315.0,31.72286291828776
20915.0,31.808766174646387
21515.0,31.923410074178214
