ind,salinity
25025.0,31.70083984820702
25625.0,31.802731287033364
26225.0,31.90300045245862
26825.0,31.99701719006818
27425.0,32.08210582037579
28025.0,32.16687710687563
