ind,salinity
1625.0,33.18112579153865
2225.0,32.68882938340052
2825.0,32.16991173379902
3425.0,31.74189077390534
3426.0,35.44274851103471
4026.0,35.324665877489736
4626.0,35.239441556478944
