ind,salinity
11781.0,34.7140182762916
12381.0,34.69484988223006
12981.0,34.680844653322325
13581.0,34.673510543791
14181.0,34.67088052241253
14781.0,34.67096900167949
