ind,salinity
16601.0,34.7363869986926
17201.0,34.75159356158867
17801.0,34.76492691533957
18401.0,34.77782717017448
19001.0,34.79510271724706
19601.0,34.811181625295774
