ind,salinity
3400.0,31.530023952077173
4000.0,31.288126563584978
4600.0,31.133432993433075
5200.0,31.02074769595543
5800.0,30.887677323399263
6400.0,30.776827681135185
