ind,salinity
11691.0,34.673148586367304
12291.0,34.64471479775146
12891.0,34.62440646425784
13491.0,34.61386942937372
14091.0,34.609580700746555
14691.0,34.60453846033201
