ind,salinity
16425.0,30.760198632212987
17025.0,30.747397946601396
17625.0,30.75626525125415
18225.0,30.75500203077005
18825.0,30.760807676459027
19425.0,30.757400772464436
