ind,salinity
11460.0,32.42684978794007
11465.0,32.420020795852615
12050.0,32.34176000879208
12055.0,32.32518541884056
12060.0,32.32657900629231
12645.0,32.25864993802882
12650.0,32.20997397829814
