ind,salinity
16380.0,31.04696989955959
16980.0,31.01032660127541
17580.0,30.97156410313268
18180.0,30.96043809324945
18181.0,34.54896648371252
18781.0,34.545367191478526
19381.0,34.539417363062874
