ind,salinity
26796.0,30.502303036776457
26801.0,30.183142915063975
27386.0,29.202999538845486
27391.0,30.083351877000595
27396.0,30.637809390113468
27986.0,28.74000015258789
