ind,salinity
3400.0,28.404823583715103
4000.0,29.931307572584885
4600.0,30.588432569761533
4605.0,29.839666684468586
5200.0,30.67104164759318
