ind,salinity
457.0,31.448123285868345
478.0,31.08184935935237
479.0,30.420098576532737
