ind,salinity
519.0,29.182717946677585
539.0,29.4312339779104
559.0,29.538032518344743
