ind,salinity
396.0,29.647695781085364
416.0,30.578777493053657
417.0,29.413648209588207
