ind,salinity
376.0,27.639621138599647
396.0,29.64769578108535
397.0,28.5480632087419
