ind,salinity
578.0,29.52329259118174
595.0,30.33631981590771
