ind,salinity
499.0,29.980422909727473
519.0,29.182717946677588
