ind,salinity
416.0,30.57877749305366
437.0,31.397226920885537
438.0,30.309424509378548
