ind,salinity
437.0,31.397226920885544
457.0,31.448123285868345
458.0,30.757278642500694
