ind,salinity
559.0,29.538032518344746
578.0,29.52329259118174
