ind,salinity
478.0,31.08184935935237
499.0,29.98042290972747
