ind,salinity
376.0,27.639621138599637
377.0,26.577585397172125
