ind,salinity
377.0,26.577585397172125
399.0,26.558619242944527
