ind,salinity
420.0,26.40055862404484
442.0,26.08098277026926
