ind,salinity
462.0,27.093451458717148
463.0,25.980169423377436
483.0,27.775143951539306
