ind,salinity
399.0,26.558619242944527
420.0,26.40055862404484
