ind,salinity
442.0,26.080982770269262
463.0,25.98016942337744
