,ind,salinity
0,731.0,29.990568345980193
1,732.0,28.47716545177241
