ind,salinity
24.0,29.457431301992223
37.0,34.74741795799126
48.0,32.467287048422584
49.0,37.063613473299164
60.0,31.452344292788396
