ind,salinity
60.0,31.452344292788393
71.0,27.05102998337704
72.0,28.98245103028744
82.0,22.79326275798813
