ind,salinity
26.0,25.4075896067517
40.0,28.52762123473411
53.0,27.889534933072486
66.0,26.207330231345203
