ind,salinity
63.0,37.71195159482569
75.0,37.281476210758974
86.0,34.69017285944449
94.0,30.84395529835945
