ind,salinity
72.0,28.98245103028744
84.0,27.595227113415778
93.0,27.27723225112721
100.0,22.855505736979367
