ind,salinity
63.0,37.71195159482569
64.0,36.72281348282382
65.0,32.30667969868345
66.0,26.207330231345203
