ind,salinity
72.0,28.982451030287443
84.0,27.595227113415778
85.0,29.041305997298153
94.0,30.84395529835945
