ind,salinity
82.0,22.793262757988128
91.0,20.786751879751797
92.0,23.42466930896831
99.0,20.02328374437105
100.0,22.855505736979367
