ind,salinity
26.0,25.4075896067517
38.0,32.074062352009804
39.0,29.65845017904086
50.0,36.66074464077564
51.0,33.10877928293973
62.0,39.830166004265074
