ind,salinity
26.0,25.4075896067517
38.0,32.07406235200982
39.0,29.65845017904086
49.0,37.063613473299164
50.0,36.66074464077563
