ind,salinity
51.0,33.10877928293973
63.0,37.711951594825685
64.0,36.72281348282382
76.0,36.688757903751586
77.0,33.53312231836545
88.0,33.250429826756815
