ind,salinity
10.0,22.917062020303273
21.0,24.50692561620802
22.0,30.825382703409446
23.0,33.3760541974981
24.0,29.45743130199222
