ind,salinity
63.0,37.71195159482569
64.0,36.72281348282381
74.0,35.311993546836284
75.0,37.281476210758974
85.0,29.041305997298156
