ind,salinity
24.0,29.457431301992223
38.0,32.07406235200982
51.0,33.10877928293973
64.0,36.72281348282382
