ind,salinity
50.0,36.66074464077563
51.0,33.10877928293973
62.0,39.83016600426508
63.0,37.71195159482569
74.0,35.311993546836284
85.0,29.041305997298156
