ind,salinity
21.0,24.50692561620802
22.0,30.825382703409446
36.0,35.462914023291304
49.0,37.063613473299164
