ind,salinity
26.0,25.4075896067517
39.0,29.658450179040862
50.0,36.66074464077563
51.0,33.10877928293973
62.0,39.830166004265074
