ind,salinity
67.0,21.925761130059183
78.0,29.470758566736887
79.0,22.845057553112166
88.0,33.250429826756815
89.0,30.741012237373504
