ind,salinity
59.0,28.799271674616126
71.0,27.05102998337703
83.0,25.44826301267818
91.0,20.786751879751797
