ind,salinity
21.0,24.50692561620802
22.0,30.825382703409446
34.0,26.91209894502983
35.0,31.391156475466044
46.0,25.326138822612005
47.0,31.125237578225104
59.0,28.79927167461613
