ind,salinity
12.0,29.346232801739248
13.0,26.575597642078204
22.0,30.825382703409446
23.0,33.3760541974981
24.0,29.45743130199222
