ind,salinity
36.0,35.46291402329129
49.0,37.06361347329916
62.0,39.83016600426508
75.0,37.281476210758974
