ind,salinity
64.0,36.72281348282381
65.0,32.30667969868345
66.0,26.207330231345207
67.0,21.92576113005918
77.0,33.53312231836545
78.0,29.470758566736883
