ind,salinity
75.0,37.281476210758974
87.0,32.667020748427085
96.0,30.68630375170092
103.0,23.573875228176608
