ind,salinity
36.0,35.46291402329129
47.0,31.1252375782251
48.0,32.46728704842259
59.0,28.799271674616126
