ind,salinity
13.0,26.575597642078197
25.0,26.99398411826875
38.0,32.07406235200982
51.0,33.10877928293973
63.0,37.711951594825685
