ind,salinity
64.0,36.72281348282381
77.0,33.53312231836545
88.0,33.25042982675682
97.0,27.266362138128173
103.0,23.573875228176608
