ind,salinity
89.0,30.7410122373735
95.0,30.72150377255975
96.0,30.68630375170092
97.0,27.26636213812817
