ind,salinity
16.0,17.180897600359618
28.0,18.62473820736267
41.0,24.71218965325531
53.0,27.889534933072493
