ind,salinity
50.0,36.66074464077563
63.0,37.711951594825685
64.0,36.72281348282381
77.0,33.53312231836544
