ind,salinity
63.0,37.71195159482569
75.0,37.281476210758974
86.0,34.69017285944449
87.0,32.66702074842708
95.0,30.721503772559753
