ind,salinity
53.0,27.889534933072493
66.0,26.207330231345203
78.0,29.470758566736887
89.0,30.741012237373507
