ind,salinity
60.0,31.452344292788393
61.0,35.3674911703829
73.0,30.93683239841518
74.0,35.311993546836284
85.0,29.041305997298156
86.0,34.69017285944449
