ind,salinity
50.0,36.66074464077564
62.0,39.83016600426508
74.0,35.311993546836284
75.0,37.281476210758974
86.0,34.69017285944449
