ind,salinity
39.0,29.658450179040855
52.0,33.122065983712396
64.0,36.72281348282381
77.0,33.53312231836544
