ind,salinity
16.0,17.18089760035962
26.0,25.407589606751696
27.0,24.795674754885283
39.0,29.65845017904086
