ind,salinity
49.0,37.06361347329916
61.0,35.3674911703829
74.0,35.311993546836284
86.0,34.69017285944449
