ind,salinity
102.0,26.502965983094075
103.0,23.573875228176615
106.0,18.53745642639578
107.0,20.228937268708812
108.0,21.91717312547023
