ind,salinity
100.0,22.855505736979367
101.0,27.381183543192098
102.0,26.502965983094082
103.0,23.573875228176615
