ind,salinity
76.0,36.688757903751586
77.0,33.53312231836545
86.0,34.69017285944449
87.0,32.66702074842708
