ind,salinity
0.0,20.86351816056465
11.0,29.459908380731473
22.0,30.825382703409446
36.0,35.462914023291304
49.0,37.063613473299164
