ind,salinity
0.0,20.86351816056465
11.0,29.45990838073147
23.0,33.3760541974981
24.0,29.457431301992223
37.0,34.74741795799126
38.0,32.074062352009804
