ind,salinity
76.0,36.688757903751586
87.0,32.667020748427085
94.0,30.843955298359454
95.0,30.721503772559753
100.0,22.855505736979367
