ind,salinity
85.0,29.041305997298156
94.0,30.843955298359454
100.0,22.855505736979364
106.0,18.537456426395785
