ind,salinity
38.0,32.074062352009804
50.0,36.66074464077564
63.0,37.711951594825685
76.0,36.688757903751586
