ind,salinity
50.0,36.66074464077564
62.0,39.83016600426508
73.0,30.93683239841518
74.0,35.311993546836284
