ind,salinity
22.0,30.825382703409446
36.0,35.462914023291304
49.0,37.063613473299164
61.0,35.3674911703829
74.0,35.311993546836284
