ind,salinity
50.0,36.66074464077563
62.0,39.83016600426508
75.0,37.281476210758974
87.0,32.66702074842708
