ind,salinity
70.0,20.063518700183234
71.0,27.051029983377035
72.0,28.982451030287443
73.0,30.936832398415177
