ind,salinity
70.0,20.063518700183234
71.0,27.05102998337703
72.0,28.98245103028744
84.0,27.595227113415778
85.0,29.041305997298156
