ind,salinity
2.0,23.138280219892316
12.0,29.34623280173924
24.0,29.457431301992223
37.0,34.74741795799126
50.0,36.66074464077563
