ind,salinity
2.0,23.138280219892316
12.0,29.34623280173924
24.0,29.45743130199223
38.0,32.07406235200981
50.0,36.66074464077563
