ind,salinity
50.0,36.66074464077564
63.0,37.71195159482569
75.0,37.281476210758974
87.0,32.66702074842708
