ind,salinity
35.0,31.391156475466047
36.0,35.4629140232913
37.0,34.74741795799125
49.0,37.063613473299164
50.0,36.66074464077563
