ind,salinity
35.0,31.39115647546604
47.0,31.1252375782251
48.0,32.467287048422584
61.0,35.3674911703829
74.0,35.311993546836284
