ind,salinity
22.0,30.825382703409446
36.0,35.462914023291304
49.0,37.06361347329916
50.0,36.66074464077564
62.0,39.830166004265074
63.0,37.71195159482569
