ind,salinity
192.0,27.343494311776354
211.0,27.750552597583578
