ind,salinity
314.0,28.401661288351697
335.0,27.727366705530322
