ind,salinity
356.0,27.36607839056179
376.0,27.837426758976964
