ind,salinity
398.0,27.877497478123136
418.0,28.664442245689482
