ind,salinity
376.0,27.837426758976964
398.0,27.877497478123136
