ind,salinity
335.0,27.727366705530308
356.0,27.366078390561782
