ind,salinity
272.0,27.97636871245932
292.0,28.56246305227551
