ind,salinity
292.0,28.562463052275493
314.0,28.4016612883517
