ind,salinity
251.0,28.16591395331539
252.0,27.56655359267264
272.0,27.97636871245933
