ind,salinity
211.0,27.750552597583585
231.0,27.665753523482145
252.0,27.566553592672644
