ind,salinity
418.0,28.66444224568948
439.0,29.496705140560163
