ind,salinity
500.0,29.840192361395403
519.0,30.23059308007134
