ind,salinity
438.0,29.999346339013975
439.0,29.49670514056017
