ind,salinity
437.0,30.35474459474408
457.0,30.76280005627948
