ind,salinity
457.0,30.762800056279485
478.0,30.864800529053614
479.0,30.229231512459023
