ind,salinity
437.0,30.35474459474409
438.0,29.999346339013968
