ind,salinity
519.0,30.230593080071337
520.0,29.687842859967535
