ind,salinity
478.0,30.864800529053607
498.0,30.626765391962188
499.0,30.31345337928162
