ind,salinity
478.0,30.8648005290536
479.0,30.229231512459023
500.0,29.8401923613954
