ind,salinity
479.0,30.229231512459013
498.0,30.626765391962184
499.0,30.31345337928162
