ind,salinity
520.0,29.687842859967535
541.0,29.41930386755338
